instrumento_codigo,empresa_id,requerimiento,impacto_falla,consideraciones_falla,clase_riesgo,capacidad_deteccion,frecuencia,fecha_actualizacion,observaciones,tipo_calibracion,especificaciones
AER-VA-01,1,NA,NA,NA,NA,NA,NA,,No se ha añadido su primer certificado,NA,
AGM-DA-01,1,NA,NA,NA,NA,NA,NA,,No se ha añadido su primer certificado,NA,
AGM-DF-01,1,NA,NA,NA,NA,NA,NA,,No se ha añadido su primer certificado,NA,
AGM-LC-01,1,NA,NA,NA,NA,NA,NA,,No se ha añadido su primer certificado,NA,
AGM-LC-02,1,NA,NA,NA,NA,NA,NA,,Baja: 14-Abr-22. No se ha añadido su primer certificado,NA,
AGM-LC-03,1,NA,NA,NA,NA,NA,NA,,Baja: 08-Abr-19. No se ha añadido su primer certificado,NA,
AGM-LC-04,1,NA,NA,NA,NA,NA,NA,,Baja: 08-Abr-19. No se ha añadido su primer certificado,NA,
AGM-LC-05,1,NA,NA,NA,NA,NA,NA,,No se ha añadido su primer certificado,NA,
AGM-LC-06,1,NA,NA,NA,NA,NA,NA,,No se ha añadido su primer certificado,NA,
AGM-LC-07,1,NA,NA,NA,NA,NA,NA,,No se ha añadido su primer certificado,NA,
AGM-LC-08,1,NA,NA,NA,NA,NA,NA,,No se ha añadido su primer certificado,NA,
AGP-FR-02,1,NA,NA,NA,NA,NA,NA,,No se ha añadido su primer certificado,NA,
AGP-PR-01,1,NA,NA,NA,NA,NA,NA,,No se ha añadido su primer certificado,NA,
AGV-LC-01,1,NA,NA,NA,NA,NA,NA,,No se ha añadido su primer certificado,NA,
AGV-LC-02,1,NA,NA,NA,NA,NA,NA,,No se ha añadido su primer certificado,NA,
AGV-LC-03,1,NA,NA,NA,NA,NA,NA,,No se ha añadido su primer certificado,NA,
AMP-MA-01,1,NA,NA,NA,NA,NA,NA,,Baja: 26-Ago-23. No se ha añadido su primer certificado,NA,
AMP-MA-02,1,Calibración,2,3,Alto,1,12,2026-08-01,,Externa,"DC Voltage 0.00 V Tol ± 0.50V, 10.0 V Tol.  ±0.6V, 100.0 V Tol ±1.5V, 600.0 V Tol ±6.5V
AC Voltage @ 60 Hz 0.00 V Tol ± 0.50, 10.0 V Tol ± 0.7V, 100.0 V Tol ±2.0V, 600.0 V Tol ±9.5V / 
Resistance 0.0 Ω Tol ± 0.5Ω, 100.0 Ω Tol ±1.5Ω, 400.0 Ω Tol ±4.5Ω, 1000 Ω Tol ±15Ω, 4000 Ω Tol ±45Ω / 
DC current 0.00A ± 0.05A, 10.00 A Tol ±0.25A, 40.00 A Tol ±0.85A, 100.0 A Tol ±2.5A, 400.0 A Tol ±8.5A /
AC current @60 Hz 10.00A Tol±0.25A, 40.00A Tol±0.85A, 100.0A Tol±2.5A, 400.0A Tol ±8.5A.  
Temperatua de 15°C a 70°C (tolerancia asignada por el proveedor), Capacitancia de 50 a 500 microfararios (tolerancia establecida por el proveedor)."
ANE-VA-01,1,Calibración,2,1,Bajo,2,18,2027-01-01,,Externa,"Velocidad del aire: 0.500 m/s ± 20% 1.000 m/s, 5.000 m/s, 10.000 m/s, 20.000 m/s, 30.000 m/s Tol. ±0.298 m/s Temperatura: 25°C Tol ±0.80°C"
ANE-VA-02,1,Calibración,2,1,Bajo,2,18,2027-01-01,,Externa,"Velocidad del aire: 0.000 m/s Tol ±0.002 m/s, 5.000 m/s Tol. ±0.100 m/s, 10.000 m/s Tol. ±0.200 m/s, 20.000 m/s Tol. ±0.400 m/s, 30.000 m/s Tol ±0.600 m/s Temperatura: 25°C Tol ±0.80°C"
BAA-AL-01,1,Calibración,3,3,Alto,2,6,,No se ha añadido su primer certificado,En planta,"0.000g, 0.020g, 0.050g, 0.100g, 0.500g, 1.000g, 5.000g, 10.000g, 50.000g, 100.000g, 200.000g, 300.000g, 420.000g ± 0.010g"
BAA-CP-01,1,NA,NA,NA,NA,NA,NA,,Baja: 24-Ago-21. No se ha añadido su primer certificado,NA,
BAA-CP-02,1,Calibración,3,3,Alto,2,6,2025-12-01,,En planta,"0.0 mg, 1.0 mg, 50.0 mg, 75.0 mg Tol. ±0.2 mg, 1.0000 g, 5.000 g, 10.0000g, 50.0000 g, 100.0000 g, 120.0000 g Tol. ±0.0001 g"
BAA-CP-03,1,NA,NA,NA,NA,2,NA,,No se ha añadido su primer certificado,NA,
BAA-CP-04,1,Calibración,3,3,Alto,2,6,2025-10-01,,En planta,"1.0 mg, 50.0 mg, 75.0 mg Tol. ± 0.2 mg, 1.0000 g, 5.000 g, 10.0000g, 50.0000 g, 100.0000 g, 120.0000 g Tol. ± 0.0001 g"
BAA-CP-05,1,Calibración,3,3,Alto,2,6,2026-02-01,,En planta,"1.0 mg, 50.0 mg, 75.0 mg, 1.0000 g, 5.0000 g, 10.0000 g, 50.0000 g, 100.0000 g, 150.0000 g, 200.0000 g, 220.0000 g Tol ± 0.0001 g"
BAA-DA-01,1,Calibración,3,3,Alto,2,6,2025-11-01,,En planta,"0 mg, 1.0 mg, 2.0 mg, 20.0 mg y 50.0 mg Tol ± 0.2 mg
1 g, 2 g, 5 g, 10 g, 30 g, 50 g, 80 g, 110 g Tol ± 0.0001 g"
BAA-DA-02,1,Calibración,3,3,Alto,2,6,2025-11-01,,En planta,"0 mg, 1 mg, 2 mg, 20 mg y 50 mg Tol ± 0.2 mg
1 g, 2 g, 5 g, 10 g, 30 g, 50 g, 80 g, 110 g Tol ±0.0001 g"
BAA-DF-01,1,Calibración,3,3,Alto,2,6,2025-12-01,,En planta,"1.0 mg, 50.0 mg Tol ± 0.2 mg, 1.000 g, 10.000 g, 20.000 g, 100.000 g, 200.000 g, 220.000 g Tol ± 0.003 g"
BAA-LC-01,1,Calibración,3,3,Alto,2,6,2025-12-01,,En planta,"0.0 mg, 1.0 mg, 50.0 mg, 75.0 mg Tol. ± 0.2 mg, 
1.0000 g, 5.0000 g, 10.0000 g, 50.0000 g, 100.0000 g, 120.0000 g. Tol. ± 0.0001 g"
BAE-LC-01,1,Calibración,2,3,Alto,2,6,2026-03-01,,En planta,"2.0 g, 5.0 g, 10.0 g, 50.0 g, 100.0 g, 300.0 g, 500.0 g, 600.0 g Tol. ±0.2 g"
BAE-LC-02,1,Calibración,3,3,Alto,2,6,2026-03-01,,En planta,"2.00 g, 10.00 g, 50.00 g, 100.00 g, 150.00 g, 200.00 g, 220.00 g Tol±0.02 g"
BAE-MI-01,1,Calibración,2,3,Alto,2,6,2025-12-01,,En planta,"0.5 g, 1.0 g, 5.0 g, 10.0 g, 15 g, 50.0 g, 100.0 g, 200.0 g Tolerancia: ± 0.1 g"
BAL-VA-02,1,NA,NA,NA,NA,NA,NA,,Rechazado. No se ha añadido su primer certificado,NA,
BAL-VA-03,1,Calibración,2,1,Bajo,2,18,2025-11-01,,Externa,"50.0 cfm Tol ±6.5 cfm, 100 cfm Tol ±8.0 cfm, 250 cfm Tol ±12.5 cfm, 500 cfm Tol ±20.0 cfm"
BAM-LC-01,1,Calibración,1,3,Medio,2,12,2026-03-01,,En planta,"43.0°C, 45.0°C, 50.0°C Tol ±4.0°C"
BAM-LC-02,1,Calibración,1,3,Medio,2,12,2026-03-01,,En planta,"30.00°C, 50.00°C, 70.00°C Tol.±5.0°C"
BAS-AL-01,1,NA,NA,NA,NA,NA,NA,,Baja 10-Abr-23. No se ha añadido su primer certificado,NA,
BAS-AL-02,1,NA,NA,NA,NA,NA,NA,,Baja: 07-Nov-22. No se ha añadido su primer certificado,NA,
BAS-AL-04,1,NA,NA,NA,NA,NA,NA,,"Se asigna a Ambiental para el pesado de residuos, no requiere calibración dado que el uso no es ""crítico"".. No se ha añadido su primer certificado",NA,
BAS-AL-05,1,NA,NA,NA,NA,NA,NA,,Baja: 23-Ago-21. No se ha añadido su primer certificado,NA,
BAS-AL-06,1,Calibración,3,3,Alto,2,6,2025-10-01,Limitada a 60.00 Kg kvazquez 02-Oct-24,En planta,"0.00 kg, 0.20 kg, 1.00 kg, 4.00 kg, 20.00 kg, 40.00 kg, 60.00 kg Tol ±0.1 kg"
BAS-AL-07,1,Calibración,3,3,Alto,2,6,2025-11-01,,En planta,"0.00 kg, 0.01 kg, 0.03 kg, 0.20 kg, 5.00 kg,10.00 kg, 20.00 kg, 30.00 kg Tol ±0.001 kg"
BAS-AL-08,1,Calibración,3,3,Alto,2,6,2026-03-01,Limitada a 80.000 Kg kvazquez 02-Sep-25,En planta,"0.030 kg, 0.500 kg, 1.000 kg, 20.000 kg, 40.000 kg, 60.000 kg, 80.000 kg Tol ±0.010 kg"
BAS-AL-09,1,Calibración,3,3,Alto,2,6,2025-12-01,,En planta,"0.000 kg, 0.001 kg, 0.500 kg, 1.000 kg, 5.000 kg, 10.000 kg, 20.000 kg, 30.000 kg Tol ±0.001 kg"
BAS-AL-10,1,Calibración,3,3,Alto,2,6,2026-02-01,,En planta,"0.000 kg, 0.001 kg, 0.500 kg, 1.000 kg, 5.000 kg, 10.000 kg, 20.000 kg, 30.000 kg Tol±0.001 kg"
BAS-AM-01,1,NA,NA,NA,NA,NA,NA,,Baja: 05-Mar-21. No se ha añadido su primer certificado,NA,
BAS-DF-01,1,Calibración,2,3,Alto,2,6,2025-12-01,,En planta,"0.0 g, 0.5 g, 1.0 g, 2.0 g, 5.0 g, 10.0 g, 20.0 g, 50.0 g, 100.0 g, 200.0 g, 500.0 g, 1000.0 g, 2000.0 g, 4000.0 g, 5000.0 g, 6000.0 g Tol ±0.3 g"
BAS-FR-17,1,Calibración,3,2,Alto,2,6,2026-02-01,,En planta,"0.000 kg, 0.030 kg, 0.050 kg, 0.100 kg, 0.300 kg, 20.000 kg, 40.000 kg, 60.000 kg, 70.000 kg Tol. ±0.010 kg"
BAS-FR-18,1,Calibración,3,2,Alto,2,6,2026-02-01,,En planta,"0.000 kg, 0.030 kg, 0.050 kg, 0.100 kg, 0.300 kg, 20.000 kg, 40.000 kg, 60.000 kg, 100.000 kg, 150.000 kg Tol. ±0.010 kg"
BAS-FR-19,1,Calibración,3,2,Alto,2,6,2025-10-01,,En planta,"0.00 kg, 0.030 kg, 0.050 kg, 0.100 kg, 0.300 kg, 20.000 kg, 40.000 kg, 60.000 kg, 100.000 kg, 150.000 kg Tol. ±0.0100 kg"
BAS-FR-20,1,Calibración,3,2,Alto,2,6,2025-12-01,,En planta,"0.000 kg, 0.030 kg, 0.050 kg, 0.100 kg, 0.300 kg, 20.000 kg, 40.000 kg, 60.000 kg, 100.000 kg, 150.000 kg Tol ± 0.01 kg"
BAS-FR-21,1,Calibración,3,2,Alto,2,6,2026-02-01,,En planta,"0.020 kg, 0.030 kg, 0.050 kg, 0.100 kg, 0.300 kg, 20.000 kg, 40.000 kg, 60.000 kg, 100.000 kg, 150.000 kg Tol. ± 0.005 kg"
BAS-FR-22,1,Calibración,3,2,Alto,2,6,2026-02-01,,En planta,"0.020 kg, 0.030 kg, 0.050 kg, 0.100 kg, 0.300 kg, 20.000 kg, 40.000 kg, 60.000 kg, 100.000 kg, 150.000 kg Tol. ± 0.005 kg"
BAS-FR-23,1,Calibración,3,2,Alto,2,6,2025-10-01,,En planta,"0.020 kg, 0.030 kg, 0.050 kg, 0.100 kg, 0.300 kg, 20.000 kg, 40.000 kg, 60.000 kg Tol. ± 0.005 kg
100.000 kg, 150.000 kg Tol. ± 0.010 kg"
BAS-PR-05,1,NA,NA,NA,NA,NA,NA,,Baja: 22-Mar-18. No se ha añadido su primer certificado,NA,
BAS-PR-06,1,Calibración,3,3,Alto,2,6,2025-12-01,,En planta,"0.000 kg, 0.030 kg, 0.050 kg, 0.100 kg, 0.300 kg, 20.000 kg, 40.000 kg, 60.000 kg, 80.000 kg, 100.000 kg, 150.000 kg Tol. ±0.010 kg"
BAS-PR-07,1,NA,NA,NA,NA,NA,NA,,Baja el 11-Abr-24. No se ha añadido su primer certificado,NA,"0.000 kg, 0.030 kg, 0.050 kg, 0.100 kg, 0.300 kg, 20.000 kg, 40.000 kg, 60.000 kg, 80.000 kg, 100.000 kg, 150.000 kg Tol. ±0.010 kg"
BAS-PR-08,1,NA,NA,NA,NA,NA,NA,,"Se asigna a Ambiental para el pesado de residuos, no requiere calibración dado que el uso no es ""crítico"".. No se ha añadido su primer certificado",NA,
BAS-PR-09,1,NA,NA,NA,NA,NA,NA,,No se ha añadido su primer certificado,NA,
BAS-PR-10,1,NA,NA,NA,NA,NA,NA,,No se ha añadido su primer certificado,NA,
BAS-PR-11,1,Calibración,3,3,Alto,2,6,2025-12-01,,En planta,"0.000 kg, 0.030 kg, 0.050 kg, 0.100 kg, 0.300 kg, 20.000 kg, 40.000 kg, 60.000 kg, 80.000 kg, 100.000 kg, 150.000 kg Tol. ±0.010 kg"
BAS-PR-12,1,NA,NA,NA,NA,NA,NA,,Baja el 20-Feb-25. No se ha añadido su primer certificado,NA,
BAS-PR-13,1,NA,NA,NA,NA,NA,NA,,No se ha añadido su primer certificado,NA,
BAS-PR-14,1,NA,NA,NA,NA,NA,NA,,Baja: 19-Ene-22. No se ha añadido su primer certificado,NA,
BAS-PR-15,1,NA,NA,NA,NA,NA,NA,,Baja el 20-Feb-25. No se ha añadido su primer certificado,NA,
BAS-PR-16,1,Calibración,3,3,Alto,2,6,2025-12-01,,En planta,"0.000 kg, 0.030 kg, 0.05000 kg, 0.100 kg, 0.300 kg, 20.000 kg, 40.000 kg, 60.000 kg, 80.000 kg, 100.000 kg, 150.000 kg Tol. ±0.010 kg"
BOP-DF-01,1,Calibración,2,2,Medio,2,12,2026-03-01,,En planta,"2.00 rpm, 5.00 rpm, 10.00 rpm, 20.00 rpm, 50.00 rpm, 100.00 rpm, 200.00 rpm Tol. (±0.02, ±0.05, ±0.10, ±0.20, ±0.50, ±1.00, ±2.00)."
BOP-PR-01,1,NA,NA,NA,NA,NA,NA,,No se ha añadido su primer certificado,NA,
BSM-LC-01,1,Calibración,2,3,Alto,2,6,2025-12-01,,En planta,"0.0 mg, 1.0 mg, 50.0 mg, 200.0 mg Tol. ± 0.2 mg, 
1.0000 g, 10.0000 g, 20.0000 g, 100.0000 g, 220.0000 g. Tol. ± 0.0002 g"
BSM-LC-02,1,Calibración,2,3,Alto,2,6,2025-12-01,,En planta,"10.0 mg, 50.0 mg, 200.0 mg, 1.0000 g, 10.0000 g, 50.0000 g, 100.0000 g, 220.0000 g Tol. ± 0.2 mg"
CAL-CP-01,1,NA,NA,NA,NA,NA,NA,,Baja: 01-Abr-19. No se ha añadido su primer certificado,NA,
CAL-DA-01,1,Calibración,3,3,Alto,2,6,2026-03-01,,En planta,"Tres puntos a 40°C , Tres puntos a 75%HR Tol ±2°C y ±5%HR"
CAL-DA-02,1,Calibración,3,3,Alto,2,6,2025-12-01,,En planta,Temperatura 30°C Humedad 65%HR Tol. ±2°C y 5%HR.
CAL-DA-03,1,Calibración,3,3,Alto,1,12,2026-08-01,,En planta,"50.0°C ± 2.0°C, 110.0°C ±5°C"
CAL-DF-01,1,Calibración,3,2,Alto,1,12,2026-05-01,,En planta,37.0°C Tol. ± 2.0°C
CAL-GC-02,1,Calibración,2,3,Alto,1,12,2026-03-01,,En planta,"37°C, 38°C Tol. ± 2.0°C"
CAL-LC-01,1,Calibración,1,3,Medio,2,12,2025-12-01,,En planta,"50.0°C, 250.0°C, 600.0°C, 1,100°C Tol ±30°C."
CAL-LC-02,1,NA,NA,NA,NA,NA,NA,,No se ha añadido su primer certificado,NA,
CAL-LC-03,1,Calibración,2,3,Alto,2,6,2025-10-01,,En planta,"Temperatura 30.00°C y 40.00°C, Humedad 65%HR y 75%HR Tol. ±2°C y ±5%HR."
CAL-LC-04,1,Calibración,2,3,Alto,2,6,2025-12-01,,En planta,Temperatura 30°C Humedad 65%HR Tol. ±2°C y 5%HR.
CAL-LC-05,1,Calibración,2,3,Alto,2,6,2025-11-01,,En planta,Temperatura 32.5°C Tol ±2.5°C.
CAL-LC-06,1,Calibración,2,3,Alto,2,6,2025-12-01,,En planta,Temperatura 56°C Tol. ±1.0°C
CAL-LC-07,1,Calibración,2,3,Alto,2,6,2025-11-01,,En planta,Temperatura 22.70°C Tol ±2.50°C
CAL-LC-08,1,NA,NA,NA,NA,NA,NA,,Baja: 17-Ago-21. No se ha añadido su primer certificado,NA,
CAL-LC-09,1,Calibración,2,3,Alto,2,6,2025-11-01,,En planta,"Temperatura 42.00°C, 43.00°C, 44.00°C Tol ±1°C"
CAL-LC-10,1,Calibración,2,3,Alto,2,6,2025-11-01,,En planta,"Temperatura 35.00°C , 36.00°C, 37.00°C Tol ±1°C"
CAL-LC-11,1,Calibración,3,3,Alto,1,12,2025-12-01,,En planta,"Temperatura 50.0°C , 150.0°C, 200.0°C Tol ±2°C"
CON-LC-01,1,NA,NA,NA,NA,NA,NA,,No se ha añadido su primer certificado,NA,
COP-VA-01,1,NA,NA,NA,NA,NA,NA,,Baja: 02-Dic-21. No se ha añadido su primer certificado,NA,
COP-VA-02,1,Calibración,2,2,Medio,2,12,2026-04-01,,Externa,"Flujo: 28.30 LPM ± 1.42 LPM
Tiempo de muestreo: 60.00 s ± 0.60 s
Eficiencia de conteo: 0.3 μm, 0.5 μm, 1.0 μm, 3.0 μm, 5.0 μm,10.0μm Tol ± 10%"
CRI-DA-01,1,Calibración,3,1,Medio,2,12,2026-08-01,,En planta,"15.0°C, 20.0°C, 25.0°C, 30.0°C Tol ± 1.0°C"
CRO-CP-01,1,Calibración,3,3,Alto,2,6,2025-11-01,DNC24-023,Externa,"0.0 s, 59.0 s, 3540.0 s, 356,400.0 s Tol ±1.0s"
CRO-DA-01,1,Calibración,2,3,Alto,2,6,2025-12-01,DNC24-023,Externa,"60.00 s, 3,600.00 s, 18,000.00 s, 36,000.00 s, 72,000.00 s, 86,400.00 s Tol (±0.006, ±0.36, ±1.80, ±3.60, ±7.20, ±8.64)."
CRO-DA-02,1,NA,NA,NA,NA,NA,NA,,Baja por daño. No se ha añadido su primer certificado,NA,
CRO-DF-01,1,Calibración,3,2,Alto,1,12,2025-11-01,,Externa,"1.00 s,  10.00 min, 30.00 min, 1.00 hr, 5.00 hr, 10.00 hr, 12.00 hr, 15.00 hr, 20.00 hr ± 1.00 s"
CRO-FR-02,1,Calibración,2,3,Alto,2,6,2025-11-01,DNC24-023,Externa,"1.00 s, 1,800.00 s, 3,600.00 s, 18,000.00 s, 36,000.00 s Tol ±1.00 s"
CRO-FR-03,1,Calibración,1,1,Bajo,2,18,2026-09-01,DNC24-023,Externa,"1.00 s, 1,800.00 s, 3,600.00 s, 18,000.00 s, 36,000.00 s Tol ±1.00 s"
CRO-LC-01,1,NA,NA,NA,NA,NA,NA,,Baja 12-Abr-22. No se ha añadido su primer certificado,NA,
CRO-LC-02,1,NA,NA,NA,NA,NA,NA,,Baja: 05-Abr-22. No se ha añadido su primer certificado,NA,
CRO-LC-03,1,NA,NA,NA,NA,NA,NA,,Baja: 13-Oct-21. No se ha añadido su primer certificado,NA,
CRO-LC-04,1,NA,NA,NA,NA,NA,NA,,Baja: 13-Oct-21. No se ha añadido su primer certificado,NA,
CRO-MI-01,1,Calibración,2,1,Bajo,1,18,2026-09-01,,Externa,"60.00 s, 300.00 s, 900.00 s, 1800 s, 3600 s (Tol. de acuerdo a los procedimientos del proveedor)."
CRO-PR-01,1,NA,NA,NA,NA,NA,NA,,No se ha añadido su primer certificado,NA,
CRO-VA-01,1,NA,NA,NA,NA,NA,NA,,Baja: 02-Mar-20. No se ha añadido su primer certificado,NA,
CRO-VA-02,1,Calibración,2,2,Medio,2,12,2025-12-01,,Externa,"60.00 s, 600.00 s, 1800.00 s, 3600.00 s, 7200.00 s Tol ±3.00"
CRO-VA-03,1,NA,NA,NA,NA,NA,NA,,Baja por extravío. No se ha añadido su primer certificado,NA,
CRO-VA-04,1,Calibración,2,1,Bajo,1,18,2026-09-01,,Externa,"60.00 s, 300.00 s, 900.00 s, 1800 s, 3600 s (Tol. de acuerdo a los procedimientos del proveedor)."
CRO-VA-05,1,NA,NA,NA,NA,NA,NA,,Baja: 02-Dic-21. No se ha añadido su primer certificado,NA,
CRO-VA-06,1,Calibración,2,1,Bajo,1,18,2026-08-01,,Externa,"1.00 s, 1,800.00 s, 3,600.00 s, 18,000.00 s, 36,000.00 s Tolerancia de acuerdo a proveedor."
CRO-VA-07,1,NA,NA,NA,NA,NA,NA,,No se ha añadido su primer certificado,NA,
CTF-FR-01,1,Calibración,2,2,Medio,2,12,2025-12-01,,En planta,"20.0°C, 50.0°C, 100.0°C, 150.0°C, 200.0°C Tol ±2.0°C"
CTS-FR-01,1,Calibración,2,2,Medio,2,12,2025-12-01,,En planta,"20.0°C, 50.0°C, 100.0°C, 150.0°C, 200.0°C Tol ±2.5°C"
DAT-LO-01,1,NA,NA,NA,NA,NA,NA,,No se ha añadido su primer certificado,NA,
DAT-LO-02,1,NA,NA,NA,NA,NA,NA,,No se ha añadido su primer certificado,NA,
DAT-LO-03,1,NA,NA,NA,NA,NA,NA,,No se ha añadido su primer certificado,NA,
DAT-LO-04,1,NA,NA,NA,NA,NA,NA,,Baja el 26-Ago-25 vrodriguez 11-Sep-25. No se ha añadido su primer certificado,NA,"Temperatura 10.0°C, 20.0°C, 35.0°C, 40°C, 45°C, 50.0°C Tol±1.0°C, Humedad 1.0%, 35.0%, 45.0%, 65.0%,75.0%, 80.0% Tol±2.0%"
DAT-LO-05,1,NA,NA,NA,NA,NA,NA,,No se ha añadido su primer certificado,NA,
DAT-LO-06,1,NA,NA,NA,NA,NA,NA,,Baja el 26-Ago-25 vrodriguez 11-Sep-25. No se ha añadido su primer certificado,NA,"Temperatura 10.0°C, 20.0°C, 35.0°C, 40°C, 45°C, 50°C Tol±1.0°C, Humedad 1.0%, 35.0%, 45.0%, 65.0%,75.0%, 80.0% Tol±2.0%"
DAT-LO-07,1,Calibración,2,2,Medio,2,12,2026-07-01,,Externa,"Temperatura 10.0°C, 20.0°C, 35.0°C, 40°C, 45°C, 50°C Tol±1.0°C, Humedad 1.0%, 35.0%, 45.0%, 65.0%,75.0%, 80.0% Tol±2.0%"
DAT-LO-08,1,NA,NA,NA,NA,NA,NA,,No se ha añadido su primer certificado,NA,
DAT-LO-09,1,Calibración,2,2,Medio,2,12,2026-07-01,,Externa,"Temperatura -40.00°C, -20.00°C, 0.00, 20.00°C, 30.00°C, 40.00°C, 45.00°C Tol ± 1.00°C. Humedad 1.0%, 35.0%, 45.0%, 65.0%,75.0%, 80.0% Tol±2.0%"
DAT-VA-01,1,NA,NA,NA,NA,NA,NA,,No se ha añadido su primer certificado,NA,
DAT-VA-02,1,Calibración,2,2,Medio,2,12,2025-12-01,,Externa,"Temperatura 10.0°C, 20.0°C, 35.0°C, 40°C, 45°C, 50°C Tol±1.0°C, Humedad 1.0%, 35.0%, 45.0%, 65.0%,75.0%, 80.0% Tol±2.0%"
DAT-VA-03,1,Calibración,2,2,Medio,2,12,2025-11-01,,Externa,"Temperatura 10.0°C, 20.0°C, 35.0°C, 40°C, 45°C , 50°C Tol±1.0°C, Humedad 1.0%, 35.0%, 45.0%, 65.0%,75.0%, 80.0% Tol±2.0%"
DAT-VA-04,1,Calibración,2,2,Medio,2,12,2025-11-01,,Externa,"Temperatura 10.0°C, 20.0°C, 35.0°C, 40°C, 45°C, 50°C Tol±1.0°C, Humedad 1.0%, 35.0%, 45.0%, 65.0%,75.0%, 80.0% Tol±2.0%"
DAT-VA-05,1,Calibración,2,2,Medio,2,12,2025-11-01,,Externa,"Temperatura 10.0°C, 20.0°C, 35.0°C, 40°C, 45°C , 50°C Tol±1.0°C, Humedad 1.0%, 35.0%, 45.0%, 65.0%,75.0%, 80.0% Tol±2.0%"
DAT-VA-06,1,Calibración,2,2,Medio,2,12,2025-11-01,,Externa,"Temperatura 10.0°C, 20.0°C, 35.0°C, 40°C, 45°C, 50°C Tol±1.0°C, Humedad 1.0%, 35.0%, 45.0%, 65.0%,75.0%, 80.0% Tol±2.0%"
DAT-VA-07,1,Calibración,2,2,Medio,2,12,2025-11-01,,Externa,"Temperatura 10.0°C, 20.0°C, 35.0°C, 40°C, 45°C, 50°C Tol±1.0°C, Humedad 1.0%, 35.0%, 45.0%, 65.0%,75.0%, 80.0% Tol±2.0%"
DAT-VA-08,1,Calibración,2,2,Medio,2,12,2025-11-01,,Externa,"Temperatura 10.0°C, 20.0°C, 35.0°C, 40°C, 45°C, 50°C Tol±1.0°C, Humedad 1.0%, 35.0%, 45.0%, 65.0%,75.0%, 80.0% Tol±2.0%"
DAT-VA-09,1,Calibración,2,2,Medio,2,12,2025-11-01,,Externa,"Temperatura 10.0°C, 20.0°C, 35.0°C, 40°C, 45°C, 50°C Tol±1.0°C, Humedad 5.0%, 35.0%, 45.0%, 65.0%,75.0%, 80.0% Tol±2.0%"
DAT-VA-10,1,Calibración,2,2,Medio,2,12,2025-11-01,,Externa,"Temperatura 10.0°C, 20.0°C, 35.0°C, 40°C, 45°C, 50°C Tol±1.0°C, Humedad 1.0%, 35.0%, 45.0%, 65.0%,75.0%, 80.0% Tol±2.0%"
DAT-VA-11,1,Calibración,2,2,Medio,2,12,2025-12-01,,Externa,"Temperatura 10.0°C, 20.0°C, 35.0°C, 40°C, 45°C, 50°C Tol±1.0°C, Humedad 1.0%, 35.0%, 45.0%, 65.0%,75.0%, 80.0% Tol±2.0%"
DAT-VA-12,1,NA,NA,NA,NA,NA,NA,,Baja el 26-Ago-25 vrodriguez 11-Sep-25. No se ha añadido su primer certificado,NA,"Temperatura 10.0°C, 20.0°C, 35.0°C, 40°C, 50°C Tol±1.0°C, Humedad 35.0%, 45.0%, 65.0%,75.0%, 80.0% Tol±2.0%"
DAT-VA-13,1,NA,NA,NA,NA,NA,NA,,Baja el 26-Ago-25 vrodriguez 11-Sep-25. No se ha añadido su primer certificado,NA,"Temperatura 10.0°C, 20.0°C, 35.0°C, 40°C, 50°C Tol±1.0°C, Humedad 35.0%, 45.0%, 65.0%,75.0%, 80.0% Tol±2.0%"
DAT-VA-14,1,NA,NA,NA,NA,NA,NA,,Baja el 26-Ago-25 vrodriguez 11-Sep-25. No se ha añadido su primer certificado,NA,"Temperatura 10.0°C, 20.0°C, 35.0°C, 40°C, 50°C Tol±1.0°C, Humedad 35.0%, 45.0%, 65.0%,75.0%, 80.0% Tol±2.0%"
DAT-VA-15,1,NA,NA,NA,NA,NA,NA,,Baja el 26-Ago-25 vrodriguez 11-Sep-25. No se ha añadido su primer certificado,NA,"Temperatura 10.0°C, 20.0°C, 35.0°C, 40°C, 50°C Tol±1.0°C, Humedad 35.0%, 45.0%, 65.0%,75.0%, 80.0% Tol±2.0%"
DAT-VA-16,1,NA,NA,NA,NA,NA,NA,,Baja el 26-Ago-25 vrodriguez 11-Sep-25. No se ha añadido su primer certificado,NA,"Temperatura 10.0°C, 20.0°C, 35.0°C, 40°C, 50°C Tol±1.0°C, Humedad 35.0%, 45.0%, 65.0%,75.0%, 80.0% Tol±2.0%"
DAT-VA-17,1,NA,NA,NA,NA,NA,NA,,Baja el 26-Ago-25 vrodriguez 11-Sep-25. No se ha añadido su primer certificado,NA,"Temperatura 10.0°C, 20.0°C, 35.0°C, 40°C, 50°C Tol±1.0°C, Humedad 35.0%, 45.0%, 65.0%,75.0%, 80.0% Tol±2.0%"
DAT-VA-18,1,NA,NA,NA,NA,NA,NA,,Baja el 26-Ago-25 vrodriguez 11-Sep-25. No se ha añadido su primer certificado,NA,"Temperatura 10.0°C, 20.0°C, 35.0°C, 40°C, 45°C, 50°C Tol±1.0°C, Humedad 35.0%, 45.0%, 65.0%,75.0%, 80.0% Tol±2.0%"
DAT-VA-19,1,NA,NA,NA,NA,NA,NA,,"Rechazado en calibración vrodriguez 21-May-25
Baja: 22-Jul-25 vrodriguez 22-Jul-25. No se ha añadido su primer certificado",Externa,"Temperatura 10.0°C, 20.0°C, 35.0°C, 45°C, 50°C Tol±1.0°C, Humedad 35.0%, 45.0%, 65.0%,75.0%, 80.0% Tol±2.0%"
DAT-VA-20,1,NA,NA,NA,NA,NA,NA,,Baja el 26-Ago-25 vrodriguez 11-Sep-25. No se ha añadido su primer certificado,NA,"Temperatura 10.0°C, 20.0°C, 35.0°C, 40°C, 50°C Tol±1.0°C, Humedad 35.0%, 45.0%, 65.0%,75.0%, 80.0% Tol±2.0%"
DAT-VA-21,1,NA,NA,NA,NA,NA,NA,,Baja el 26-Ago-25 vrodriguez 11-Sep-25. No se ha añadido su primer certificado,NA,"Temperatura 10.0°C, 20.0°C, 35.0°C, 40°C, 50°C Tol±1.0°C, Humedad 35.0%, 45.0%, 65.0%,75.0%, 80.0% Tol±2.0%"
DAT-VA-22,1,NA,NA,NA,NA,NA,NA,,Baja el 26-Ago-25 vrodriguez 11-Sep-25. No se ha añadido su primer certificado,NA,"Temperatura 10.0°C, 20.0°C, 35.0°C, 40°C, 50°C Tol±1.0°C, Humedad 35.0%, 45.0%, 65.0%,75.0%, 80.0% Tol±2.0%"
DAT-VA-23,1,NA,NA,NA,NA,NA,NA,,Baja el 26-Ago-25 vrodriguez 11-Sep-25. No se ha añadido su primer certificado,NA,"Temperatura 10.0°C, 20.0°C, 35.0°C, 40°C, 50°C Tol±1.0°C, Humedad 35.0%, 45.0%, 65.0%,75.0%, 80.0% Tol±2.0%"
DAT-VA-24,1,NA,NA,NA,NA,NA,NA,,Baja el 26-Ago-25 vrodriguez 11-Sep-25. No se ha añadido su primer certificado,NA,"Temperatura 10.0°C, 20.0°C, 35.0°C, 40°C, 50°C Tol±1.0°C, Humedad 35.0%, 45.0%, 65.0%,75.0%, 80.0% Tol±2.0%"
DAT-VA-25,1,NA,NA,NA,NA,NA,NA,,Baja el 26-Ago-25 vrodriguez 11-Sep-25. No se ha añadido su primer certificado,NA,"Temperatura 10.0°C, 20.0°C, 35.0°C, 40°C, 50°C Tol±1.0°C, Humedad 35.0%, 45.0%, 65.0%,75.0%, 80.0% Tol±2.0%"
DAT-VA-26,1,NA,NA,NA,NA,NA,NA,,Baja el 26-Ago-25 vrodriguez 11-Sep-25. No se ha añadido su primer certificado,NA,"Temperatura 10.0°C, 20.0°C, 35.0°C, 40°C, 50°C Tol±1.0°C, Humedad 35.0%, 45.0%, 65.0%,75.0%, 80.0% Tol±2.0%"
DAT-VA-27,1,NA,NA,NA,NA,NA,NA,,Baja el 26-Ago-25 vrodriguez 11-Sep-25. No se ha añadido su primer certificado,NA,"Temperatura 10.0°C, 20.0°C, 35.0°C, 40°C, 50°C Tol±1.0°C, Humedad 35.0%, 45.0%, 65.0%,75.0%, 80.0% Tol±2.0%"
DAT-VA-28,1,NA,NA,NA,NA,NA,NA,,Baja el 26-Ago-25 vrodriguez 11-Sep-25. No se ha añadido su primer certificado,NA,"Temperatura 10.0°C, 20.0°C, 35.0°C, 40°C, 50°C Tol±1.0°C, Humedad 35.0%, 45.0%, 65.0%,75.0%, 80.0% Tol±2.0%"
DAT-VA-29,1,NA,NA,NA,NA,NA,NA,,Baja el 26-Ago-25 vrodriguez 11-Sep-25. No se ha añadido su primer certificado,NA,"Temperatura 10.0°C, 20.0°C, 35.0°C, 40°C, 50°C Tol±1.0°C, Humedad 35.0%, 45.0%, 65.0%,75.0%, 80.0% Tol±2.0%"
DAT-VA-30,1,NA,NA,NA,NA,NA,NA,,Baja el 26-Ago-25 vrodriguez 11-Sep-25. No se ha añadido su primer certificado,NA,"Temperatura 10.0°C, 20.0°C, 35.0°C, 40°C, 50°C Tol±1.0°C, Humedad 35.0%, 45.0%, 65.0%,75.0%, 80.0% Tol±2.0%"
DAT-VA-31,1,NA,NA,NA,NA,NA,NA,,Baja el 26-Ago-25 vrodriguez 11-Sep-25. No se ha añadido su primer certificado,NA,"Temperatura 10.0°C, 20.0°C, 35.0°C, 40°C, 50°C Tol±1.0°C, Humedad 35.0%, 45.0%, 65.0%,75.0%, 80.0% Tol±2.0%"
DAT-VA-32,1,NA,NA,NA,NA,NA,NA,,Baja el 26-Ago-25 vrodriguez 11-Sep-25. No se ha añadido su primer certificado,NA,"Temperatura 10.0°C, 20.0°C, 35.0°C, 40°C, 50°C Tol±1.0°C, Humedad 35.0%, 45.0%, 65.0%,75.0%, 80.0% Tol±2.0%"
DAT-VA-33,1,NA,NA,NA,NA,NA,NA,,Baja el 26-Ago-25 vrodriguez 11-Sep-25. No se ha añadido su primer certificado,NA,"Temperatura 10.0°C, 20.0°C, 35.0°C, 40°C, 50°C Tol±1.0°C, Humedad 35.0%, 45.0%, 65.0%,75.0%, 80.0% Tol±2.0%"
DAT-VA-34,1,NA,NA,NA,NA,NA,NA,,Baja el 26-Ago-25 vrodriguez 11-Sep-25. No se ha añadido su primer certificado,NA,"Temperatura 10.0°C, 20.0°C, 35.0°C, 40°C, 50°C Tol±1.0°C, Humedad 35.0%, 45.0%, 65.0%,75.0%, 80.0% Tol±2.0%"
DAT-VA-35,1,NA,NA,NA,NA,NA,NA,,Baja el 26-Ago-25 vrodriguez 11-Sep-25. No se ha añadido su primer certificado,NA,"Temperatura 10.0°C, 20.0°C, 35.0°C, 40°C, 50°C Tol±1.0°C, Humedad 35.0%, 45.0%, 65.0%,75.0%, 80.0% Tol±2.0%"
DAT-VA-36,1,NA,NA,NA,NA,NA,NA,,Baja el 26-Ago-25 vrodriguez 11-Sep-25. No se ha añadido su primer certificado,NA,"Temperatura 10.0°C, 20.0°C, 35.0°C, 40°C, 50°C Tol±1.0°C, Humedad 35.0%, 45.0%, 65.0%,75.0%, 80.0% Tol±2.0%"
DAT-VA-37,1,Calibración,2,2,Medio,2,12,2026-08-01,,Externa,"Temperatura 0.0°C, 10.0°C, 20.0°C, 35.0°C, 40°C, 50°C Tol±1.0°C, 35.0%, 45.0%, 65.0%,75.0%, 80.0% Tol±2.0%"
DAT-VA-38,1,Calibración,2,2,Medio,2,12,2026-08-01,,Externa,"Temperatura 0.0°C, 10.0°C, 20.0°C, 35.0°C, 40°C, 50°C Tol±1.0°C, 35.0%, 45.0%, 65.0%,75.0%, 80.0% Tol±2.0%"
DAT-VA-39,1,Calibración,2,2,Medio,2,12,2026-08-01,,Externa,"Temperatura 0.0°C, 10.0°C, 20.0°C, 35.0°C, 40°C, 50°C Tol±1.0°C, 35.0%, 45.0%, 65.0%,75.0%, 80.0% Tol±2.0%"
DAT-VA-40,1,Calibración,2,2,Medio,2,12,2026-08-01,,Externa,"Temperatura 0.0°C, 10.0°C, 20.0°C, 35.0°C, 40°C, 50°C Tol±1.0°C, 35.0%, 45.0%, 65.0%,75.0%, 80.0% Tol±2.0%"
DAT-VA-41,1,Calibración,2,2,Medio,2,12,2026-08-01,,Externa,"Temperatura 0.0°C, 10.0°C, 20.0°C, 35.0°C, 40°C, 50°C Tol±1.0°C, 35.0%, 45.0%, 65.0%,75.0%, 80.0% Tol±2.0%"
DAT-VA-42,1,Calibración,2,2,Medio,2,12,2026-08-01,,Externa,"Temperatura 0.0°C, 10.0°C, 20.0°C, 35.0°C, 40°C, 50°C Tol±1.0°C, 35.0%, 45.0%, 65.0%,75.0%, 80.0% Tol±2.0%"
DAT-VA-43,1,Calibración,2,2,Medio,2,12,2026-08-01,,Externa,"Temperatura 0.0°C, 10.0°C, 20.0°C, 35.0°C, 40°C, 50°C Tol±1.0°C, 35.0%, 45.0%, 65.0%,75.0%, 80.0% Tol±2.0%"
DAT-VA-44,1,Calibración,2,2,Medio,2,12,2026-08-01,,Externa,"Temperatura 0.0°C, 10.0°C, 20.0°C, 35.0°C, 40°C, 50°C Tol±1.0°C, 35.0%, 45.0%, 65.0%,75.0%, 80.0% Tol±2.0%"
DAT-VA-45,1,Calibración,2,2,Medio,2,12,2026-08-01,,Externa,"Temperatura 0.0°C, 10.0°C, 20.0°C, 35.0°C, 40°C, 50°C Tol±1.0°C, 35.0%, 45.0%, 65.0%,75.0%, 80.0% Tol±2.0%"
DAT-VA-46,1,Calibración,2,2,Medio,2,12,2026-08-01,,Externa,"Temperatura 0.0°C, 10.0°C, 20.0°C, 35.0°C, 40°C, 50°C Tol±1.0°C, 35.0%, 45.0%, 65.0%,75.0%, 80.0% Tol±2.0%"
DAT-VA-47,1,Calibración,2,2,Medio,2,12,2026-08-01,,Externa,"Temperatura 0.0°C, 10.0°C, 20.0°C, 35.0°C, 40°C, 50°C Tol±1.0°C, 35.0%, 45.0%, 65.0%,75.0%, 80.0% Tol±2.0%"
DAT-VA-48,1,Calibración,2,2,Medio,2,12,2026-08-01,,Externa,"Temperatura 0.0°C, 10.0°C, 20.0°C, 35.0°C, 40°C, 50°C Tol±1.0°C, 35.0%, 45.0%, 65.0%,75.0%, 80.0% Tol±2.0%"
DAT-VA-49,1,Calibración,2,2,Medio,2,12,2026-08-01,,Externa,"Temperatura 0.0°C, 10.0°C, 20.0°C, 35.0°C, 40°C, 50°C Tol±1.0°C, 35.0%, 45.0%, 65.0%,75.0%, 80.0% Tol±2.0%"
DAT-VA-50,1,Calibración,2,2,Medio,2,12,2026-08-01,,Externa,"Temperatura 0.0°C, 10.0°C, 20.0°C, 35.0°C, 40°C, 50°C Tol±1.0°C, 35.0%, 45.0%, 65.0%,75.0%, 80.0% Tol±2.0%"
DAT-VA-51,1,Calibración,2,2,Medio,2,12,2026-08-01,,Externa,"Temperatura 0.0°C, 10.0°C, 20.0°C, 35.0°C, 40°C, 50°C Tol±1.0°C, 35.0%, 45.0%, 65.0%,75.0%, 80.0% Tol±2.0%"
DAT-VA-52,1,Calibración,2,2,Medio,2,12,2026-08-01,,Externa,"Temperatura: 0.0°C, 10.0°C, 20.0°C, 35.0°C, 40°C, 50°C ± 1.0°C
Humedad relativa:  35.0%, 45.0%, 65.0%,75.0%, 80.0% ± 2.0%"
DAT-VA-53,1,Calibración,2,2,Medio,2,12,2026-08-01,,Externa,"Temperatura: 0.0°C, 10.0°C, 20.0°C, 35.0°C, 40°C, 50°C ± 1.0°C
Humedad relativa:  35.0%, 45.0%, 65.0%,75.0%, 80.0% ± 2.0%"
DAT-VA-54,1,Calibración,2,2,Medio,2,12,2026-08-01,,Externa,"Temperatura: 0.0°C, 10.0°C, 20.0°C, 35.0°C, 40°C, 50°C ± 1.0°C"
DAT-VA-55,1,Calibración,2,2,Medio,2,12,2026-08-01,,Externa,"Humedad relativa:  35.0%, 45.0%, 65.0%,75.0%, 80.0% ± 2.0%"
DAT-VA-56,1,Calibración,2,2,Medio,2,12,2026-08-01,,Externa,"Temperatura: 0.0°C, 10.0°C, 20.0°C, 35.0°C, 40°C, 50°C ± 1.0°C
Humedad relativa:  35.0%, 45.0%, 65.0%,75.0%, 80.0% ± 2.0%"
DAT-VA-57,1,Calibración,2,2,Medio,2,12,2026-08-01,,Externa,"Temperatura: 0.0°C, 10.0°C, 20.0°C, 35.0°C, 40°C, 50°C ± 1.0°C
Humedad relativa:  35.0%, 45.0%, 65.0%,75.0%, 80.0% ± 2.0%"
DAT-VA-58,1,Calibración,2,2,Medio,2,12,2026-08-01,,Externa,"Temperatura: 0.0°C, 10.0°C, 20.0°C, 35.0°C, 40°C, 50°C ± 1.0°C
Humedad relativa:  35.0%, 45.0%, 65.0%,75.0%, 80.0% ± 2.0%"
DAT-VA-59,1,Calibración,2,2,Medio,2,12,2026-08-01,,Externa,"Temperatura: 0.0°C, 10.0°C, 20.0°C, 35.0°C, 40°C, 50°C ± 1.0°C
Humedad relativa:  35.0%, 45.0%, 65.0%,75.0%, 80.0% ± 2.0%"
DAT-VA-60,1,Calibración,2,2,Medio,2,12,2026-08-01,,Externa,"Temperatura: 0.0°C, 10.0°C, 20.0°C, 35.0°C, 40°C, 50°C ± 1.0°C
Humedad relativa:  35.0%, 45.0%, 65.0%,75.0%, 80.0% ± 2.0%"
DAT-VA-61,1,Calibración,2,2,Medio,2,12,2026-08-01,,Externa,"Temperatura: 0.0°C, 10.0°C, 20.0°C, 35.0°C, 40°C, 50°C ± 1.0°C
Humedad relativa:  35.0%, 45.0%, 65.0%,75.0%, 80.0% ± 2.0%"
DAT-VA-62,1,Calibración,2,2,Medio,2,12,2026-08-01,,Externa,"Temperatura: 0.0°C, 10.0°C, 20.0°C, 35.0°C, 40°C, 50°C ± 1.0°C
Humedad relativa:  35.0%, 45.0%, 65.0%,75.0%, 80.0% ± 2.0%"
DAT-VA-63,1,Calibración,2,2,Medio,2,12,2026-08-01,,Externa,"Temperatura: 0.0°C, 10.0°C, 20.0°C, 35.0°C, 40°C, 50°C ± 1.0°C
Humedad relativa:  35.0%, 45.0%, 65.0%,75.0%, 80.0% ± 2.0%"
DAT-VA-64,1,Calibración,2,2,Medio,2,12,2026-08-01,,Externa,"Temperatura: 0.0°C, 10.0°C, 20.0°C, 35.0°C, 40°C, 50°C ± 1.0°C
Humedad relativa:  35.0%, 45.0%, 65.0%,75.0%, 80.0% ± 2.0%"
DAT-VA-65,1,Calibración,2,2,Medio,2,12,2026-08-01,,Externa,"Temperatura: 0.0°C, 10.0°C, 20.0°C, 35.0°C, 40°C, 50°C ± 1.0°C
Humedad relativa:  35.0%, 45.0%, 65.0%,75.0%, 80.0% ± 2.0%"
DAT-VA-66,1,Calibración,2,2,Medio,2,12,2026-08-01,,Externa,"Temperatura: 0.0°C, 10.0°C, 20.0°C, 35.0°C, 40°C, 50°C ± 1.0°C
Humedad relativa:  35.0%, 45.0%, 65.0%,75.0%, 80.0% ± 2.0%"
DAT-VA-67,1,Calibración,2,2,Medio,2,12,2026-08-01,,Externa,"Temperatura: 0.0°C, 10.0°C, 20.0°C, 35.0°C, 40°C, 50°C ± 1.0°C
Humedad relativa:  35.0%, 45.0%, 65.0%,75.0%, 80.0% ± 2.0%"
DAT-VA-68,1,Calibración,2,2,Medio,2,12,2026-08-01,,Externa,"Temperatura: 0.0°C, 10.0°C, 20.0°C, 35.0°C, 40°C, 50°C ± 1.0°C
Humedad relativa:  35.0%, 45.0%, 65.0%,75.0%, 80.0% ± 2.0%"
DAT-VA-69,1,Calibración,2,2,Medio,2,12,2026-08-01,,Externa,"Temperatura: 0.0°C, 10.0°C, 20.0°C, 35.0°C, 40°C, 50°C ± 1.0°C
Humedad relativa:  35.0%, 45.0%, 65.0%,75.0%, 80.0% ± 2.0%"
DAT-VA-70,1,Calibración,2,2,Medio,2,12,2026-08-01,,Externa,"Temperatura: 0.0°C, 10.0°C, 20.0°C, 35.0°C, 40°C, 50°C ± 1.0°C
Humedad relativa:  35.0%, 45.0%, 65.0%,75.0%, 80.0% ± 2.0%"
DAT-VA-71,1,Calibración,2,2,Medio,2,12,2026-08-01,,Externa,"Temperatura: 0.0°C, 10.0°C, 20.0°C, 35.0°C, 40°C, 50°C ± 1.0°C
Humedad relativa:  35.0%, 45.0%, 65.0%,75.0%, 80.0% ± 2.0%"
DAT-VA-72,1,Calibración,2,2,Medio,2,12,2026-08-01,,Externa,"Temperatura: 0.0°C, 10.0°C, 20.0°C, 35.0°C, 40°C, 50°C ± 1.0°C
Humedad relativa:  35.0%, 45.0%, 65.0%,75.0%, 80.0% ± 2.0%"
DAT-VA-73,1,Calibración,2,2,Medio,2,12,2026-08-01,,Externa,"Temperatura: 0.0°C, 10.0°C, 20.0°C, 35.0°C, 40°C, 50°C ± 1.0°C
Humedad relativa:  35.0%, 45.0%, 65.0%,75.0%, 80.0% ± 2.0%"
DAT-VA-74,1,Calibración,2,2,Medio,2,12,2026-08-01,,Externa,"Temperatura: 0.0°C, 10.0°C, 20.0°C, 35.0°C, 40°C, 50°C ± 1.0°C
Humedad relativa:  35.0%, 45.0%, 65.0%,75.0%, 80.0% ± 2.0%"
DAT-VA-75,1,Calibración,2,2,Medio,2,12,2026-08-01,,Externa,"Temperatura: 0.0°C, 10.0°C, 20.0°C, 35.0°C, 40°C, 50°C ± 1.0°C
Humedad relativa:  35.0%, 45.0%, 65.0%,75.0%, 80.0% ± 2.0%"
DAT-VA-76,1,Calibración,2,2,Medio,2,12,2026-08-01,,Externa,"Temperatura: 0.0°C, 10.0°C, 20.0°C, 35.0°C, 40°C, 50°C ± 1.0°C
Humedad relativa:  35.0%, 45.0%, 65.0%,75.0%, 80.0% ± 2.0%"
DAT-VA-77,1,Calibración,2,2,Medio,2,12,2026-08-01,,Externa,"Temperatura: 0.0°C, 10.0°C, 20.0°C, 35.0°C, 40°C, 50°C ± 1.0°C
Humedad relativa:  35.0%, 45.0%, 65.0%,75.0%, 80.0% ± 2.0%"
DAT-VA-78,1,Calibración,2,2,Medio,2,12,2026-08-01,,Externa,"Temperatura: 0.0°C, 10.0°C, 20.0°C, 35.0°C, 40°C, 50°C ± 1.0°C
Humedad relativa:  35.0%, 45.0%, 65.0%,75.0%, 80.0% ± 2.0%"
DAT-VA-79,1,Calibración,2,2,Medio,2,12,2026-08-01,,Externa,"Temperatura: 0.0°C, 10.0°C, 20.0°C, 35.0°C, 40°C, 50°C ± 1.0°C
Humedad relativa:  35.0%, 45.0%, 65.0%,75.0%, 80.0% ± 2.0%"
DAT-VA-80,1,Calibración,2,2,Medio,2,12,2026-08-01,,Externa,"Temperatura: 0.0°C, 10.0°C, 20.0°C, 35.0°C, 40°C, 50°C ± 1.0°C
Humedad relativa:  35.0%, 45.0%, 65.0%,75.0%, 80.0% ± 2.0%"
DAT-VA-81,1,Calibración,2,2,Medio,2,12,2026-08-01,,Externa,"Temperatura: 0.0°C, 10.0°C, 20.0°C, 35.0°C, 40°C, 50°C ± 1.0°C
Humedad relativa:  35.0%, 45.0%, 65.0%,75.0%, 80.0% ± 2.0%"
DEN-DF-01,1,NA,NA,NA,NA,NA,NA,,No se ha añadido su primer certificado,NA,
DUR-CP-01,1,NA,NA,NA,NA,NA,NA,,Baja: 01-Jun-22. No se ha añadido su primer certificado,NA,
DUR-CP-02,1,NA,NA,NA,NA,NA,NA,,Baja: 23-Dic-22. No se ha añadido su primer certificado,NA,
DUR-CP-03,1,Calibración,2,2,Medio,2,12,2025-10-01,,Externa,"Fuerza (Push) 20.00N, 50.00N, 100.00N, 250.00N,500.00N Tol. ±1.00N, 
Fuerza (Pull) 20.00N, 50.00N, 100.00N, 250.00N,500.00N Tol. ±1."
DUR-DF-01,1,Calibración,2,2,Medio,2,12,2025-12-01,,Externa,"Fuerza (Push) 20.00N, 50.00N, 100.00N, 250.00N,500.00N Tol. ±1.00N, 
Fuerza (Pull) 20.00N,  50.00N, 100.00N, 250.00N,500.00N Tol. ±1."
ELE-DA-01,1,NA,NA,NA,NA,NA,NA,,No se ha añadido su primer certificado,NA,"1.68, 4.01 pH, 7.01 pH, 10.01 pH Tol ± 0.02"
ELE-DA-02,1,Calibración,2,2,Medio,2,12,,No se ha añadido su primer certificado,Externa,"1x10^(-6) mol/L, 4.8x10^(-5) mol/L"
ELE-DA-03,1,Calibración,2,2,Medio,2,12,,No se ha añadido su primer certificado,Externa,"Estándar KF: 0.01%,  1% y 15.6%"
ELE-DA-04,1,Calibración,2,2,Medio,2,12,,Calibración se realiza con la calificación de TIT-DA-01. No se ha añadido su primer certificado,Externa,"mgH2O 0.25, 1.0 y 5.0"
ELE-DA-05,1,Calibración,2,3,Alto,1,12,2026-07-01,,Externa,"1.68, 4.01, 7.01, 10.01 pH Tol ± 0.02 pH"
ELE-DA-06,1,Calibración,2,3,Alto,1,12,2026-07-01,,Externa,"1.68, 4.01, 7.01, 10.01 pH Tol ± 0.02 pH"
ELE-LC-01,1,NA,NA,NA,NA,NA,NA,,Baja: 16-Dic-22. No se ha añadido su primer certificado,NA,
ELE-LC-02,1,NA,NA,NA,NA,NA,NA,,Baja: 16-Dic-22. No se ha añadido su primer certificado,NA,
ELE-LC-03,1,NA,NA,NA,NA,NA,NA,,No se ha añadido su primer certificado,NA,
ELE-LC-04,1,NA,NA,NA,NA,NA,NA,,Rechazado en calibración. No se ha añadido su primer certificado,NA,
ELE-LC-05,1,NA,NA,NA,NA,NA,NA,,No se ha añadido su primer certificado,NA,
ELE-LC-06,1,NA,NA,NA,NA,NA,NA,,No se ha añadido su primer certificado,NA,
ELE-LC-07,1,Calibración,2,2,Medio,2,12,2025-09-01,,Externa,"0.00 pH, 1.68 pH, 4.01 pH, 7.01 pH, 10.01 pH, Tol ± 0.01"
ELE-LC-08,1,Calibración,2,2,Medio,2,12,2025-05-01,Certificado disponible en la carpeta física de calificación del equipo,NA,
ELE-LC-09,1,Calibración,2,2,Medio,2,12,2025-05-01,Certificado disponible en la carpeta física de calificación del equipo,NA,
ELE-LC-10,1,Calibración,2,2,Medio,2,12,2025-05-01,Certificado disponible en la carpeta física de calificación del equipo,NA,
ELE-LC-11,1,Calibración,2,2,Medio,2,12,2025-05-01,Certificado disponible en la carpeta física de calificación del equipo,NA,
ELE-LC-12,1,Calibración,2,3,Alto,2,6,2026-02-01,,Externa,"1.68 pH, 4.00 pH, 7.00 pH, 10.0 pH Tol ± 0.02"
ELE-MI-01,1,Calibración,2,2,Medio,2,12,2025-11-01,,Externa,"0.00 pH, 4.01 pH, 7.01 pH, 10.01 pH Tol ± 0.01"
ELE-MI-02,1,Calibración,2,2,Medio,2,12,2026-02-01,,Externa,"0.00 pH, 4.00 pH, 7.00 pH, 10.00 pH Tol ± 0.01 pH"
FIL-MA-01,1,NA,NA,NA,NA,NA,NA,,Se realizará en el MVC del sistema de agua. No se ha añadido su primer certificado,NA,
FIL-MA-02,1,Calibración,2,2,Medio,2,12,2026-09-01,,En planta,Pruebas de integridad Filtros HEPA
FIL-MA-03,1,Calibración,2,2,Medio,2,12,2026-03-01,,En planta,Pruebas de integridad de un Filtro HEPA
FIL-MA-04,1,NA,NA,NA,NA,NA,NA,,Baja: 26-Mar-25. No se ha añadido su primer certificado,NA,
FIL-MA-05,1,NA,NA,NA,NA,NA,NA,,Baja: 27-Jun-22. No se ha añadido su primer certificado,NA,
FIL-MA-06,1,NA,NA,NA,NA,NA,NA,,Baja por cambio de sistema. No se ha añadido su primer certificado,NA,
FIL-MA-07,1,NA,NA,NA,NA,NA,NA,,Baja por cambio de sistema. No se ha añadido su primer certificado,NA,
FIL-MA-08,1,NA,NA,NA,NA,NA,NA,,Baja: 27-Jun-22. No se ha añadido su primer certificado,NA,
FIL-MA-09,1,NA,NA,NA,NA,NA,NA,,Baja: 27-Jun-22. No se ha añadido su primer certificado,NA,
FIL-MA-10,1,Calibración,2,3,Alto,1,12,2025-11-01,,En planta,Pruebas de integridad de un Filtro HEPA
FIL-MA-11,1,Calibración,2,3,Alto,1,12,2025-11-01,,En planta,Pruebas de integridad de un Filtro HEPA
FIL-MA-12,1,Calibración,2,3,Alto,1,12,2026-06-01,,En planta,Pruebas de integridad de un Filtro HEPA
FIL-MA-13,1,Calibración,2,3,Alto,1,12,2026-06-01,,En planta,Pruebas de integridad de un Filtro HEPA
FUS-LC-01,1,NA,NA,NA,NA,NA,NA,,No se ha añadido su primer certificado,NA,
HUM-MA-01,1,Calibración,2,3,Alto,1,12,2026-06-01,,En planta + Mantenimiento,Punto fijo 47%HR Tol. ± 10%HR
LAP-VA-01,1,NA,NA,NA,NA,NA,NA,,No se ha añadido su primer certificado,NA,
LUV-DA-01,1,NA,NA,NA,NA,NA,NA,,No se ha añadido su primer certificado,NA,
LUV-LC-01,1,NA,NA,NA,NA,NA,NA,,No se ha añadido su primer certificado,NA,
LUX-DA-01,1,Calibración,2,2,Medio,2,12,2025-12-01,,Externa,"1.00, 7000.0, 10 000.00, 20 000.00, 30 000.00 luxes Tol ± 10.0%"
LUX-VA-01,1,Calibración,2,1,Bajo,2,18,2026-04-01,,Externa,"20, 50, 100, 200, 300, 500, 750, 1000, 2000, 3000 lx Tol. ± 5%"
MAB-PR-01,1,NA,NA,NA,NA,NA,NA,,Baja: 04-Sep-20. No se ha añadido su primer certificado,NA,
MAB-PR-02,1,NA,NA,NA,NA,NA,NA,,Baja: 03-Sep-21. No se ha añadido su primer certificado,NA,
MAD-FR-46,1,Calibración,1,3,Medio,2,12,2026-04-01,,En planta + Mantenimiento,-100 a 100 mmH2O (Alta) / -100 a 100 mmH2O (baja) Tol. ± 5 mmH2O
MAD-FR-47,1,Calibración,2,3,Alto,2,6,2025-11-01,,En planta + Mantenimiento,"Negativo
0.00, 0.05, 0.10, 0.15, 0.20, 0.25 InH2O ±0.01 InH2O
Positivo
0.00, 0.05, 0.10, 0.15, 0.20, 0.25 InH2O ±0.01 InH2O"
MAD-FR-48,1,Calibración,2,3,Alto,2,6,2025-11-01,,En planta + Mantenimiento,"Negativo
0.00, 0.05, 0.10, 0.15, 0.20, 0.25 InH2O ±0.01 InH2O
Positivo
0.00, 0.05, 0.10, 0.15, 0.20, 0.25 InH2O ±0.01 InH2O"
MAD-FR-49,1,Calibración,2,3,Alto,2,6,2025-11-01,,En planta + Mantenimiento,"Negativo
0.00, 0.05, 0.10, 0.15, 0.20, 0.25 InH2O ±0.01 InH2O
Positivo
0.00, 0.05, 0.10, 0.15, 0.20, 0.25 InH2O ±0.01 InH2O"
MAD-FR-50,1,Calibración,2,3,Alto,2,6,2025-11-01,,En planta + Mantenimiento,"Negativo
0.00, 0.05, 0.10, 0.15, 0.20, 0.25 InH2O ±0.01 InH2O
Positivo
0.00, 0.05, 0.10, 0.15, 0.20, 0.25 InH2O ±0.01 InH2O"
MAD-FR-51,1,Calibración,2,3,Alto,2,6,2025-11-01,,En planta + Mantenimiento,"Negativo
0.00, 0.05, 0.10, 0.15, 0.20, 0.25 InH2O ±0.01 InH2O
Positivo
0.00, 0.05, 0.10, 0.15, 0.20, 0.25 InH2O ±0.01 InH2O"
MAD-FR-52,1,Calibración,2,3,Alto,2,6,2025-11-01,,En planta + Mantenimiento,"Negativo
0.00, 0.05, 0.10, 0.15, 0.20, 0.25 InH2O ±0.01 InH2O
Positivo
0.00, 0.05, 0.10, 0.15, 0.20, 0.25 InH2O ±0.01 InH2O"
MAD-LC-01,1,NA,NA,NA,NA,NA,NA,,Baja: 28-Sep-18. No se ha añadido su primer certificado,NA,
MAD-LC-02,1,Calibración,3,3,Alto,2,6,2026-03-01,,En planta + Mantenimiento,"-0.250 InH2O, -0.150 InH2O, -0.050 InH2O, 0.000 InH2O, 0.050 InH2O, 0.150 InH2O, 0.250 InH2O Tol ± 0.01"
MAD-LC-03,1,NA,NA,NA,NA,NA,NA,,Baja: 28-Sep-18. No se ha añadido su primer certificado,NA,
MAD-LC-04,1,Calibración,3,3,Alto,2,6,2026-03-01,,En planta + Mantenimiento,"-0.250 inH2O, -0.150 inH2O, -0.050 inH2O, 0.000 inH2O, 0.050 inH2O, 0.150 inH2O, 0.250 inH2O  Tol: ± 0.01"
MAD-LC-05,1,Calibración,3,3,Alto,2,6,2026-03-01,,En planta + Mantenimiento,"-0.250 inH2O, -0.150 inH2O, -0.050 inH2O, 0.000 inH2O, 0.050 inH2O, 0.150 inH2O, 0.250 inH2O  Tol: ± 0.01"
MAD-LC-06,1,Calibración,3,3,Alto,2,6,2026-03-01,,En planta + Mantenimiento,"-0.250 inH2O, -0.150 inH2O, -0.050 inH2O, 0.000 inH2O, 0.050 inH2O, 0.150 inH2O, 0.250 inH2O  Tol: ± 0.01"
MAD-MA-01,1,Calibración,2,3,Alto,2,6,2026-03-01,,En planta + Mantenimiento,"0.000 inH2O, 0.500 inH2O, 1.000 inH2O, 1.500 inH2O, 2.000 inH2O Tol: ±0.050"
MAD-MA-02,1,Calibración,3,3,Alto,2,6,2026-03-01,,En planta + Mantenimiento,"0.000 inH2O, 0.500 inH2O, 1.000 inH2O, 1.500 inH2O, 2.000 inH2O Tol: ±0.050"
MAD-MA-03,1,Calibración,3,3,Alto,2,6,2026-03-01,,En planta + Mantenimiento,"0.000 inH2O, 0.500 inH2O, 1.000 inH2O, 2.000 inH2O, 3.000 inH2O Tol ± 0.050"
MAD-MA-04,1,Calibración,3,3,Alto,2,6,2026-03-01,,En planta + Mantenimiento,"0.000 inH2O, 0.100 inH2O, 0.200 inH2O, 0.400 inH2O, 0.600 inH2O, 0.800 inH2O, 1.000 inH2O Tol: ± 0.020"
MAD-MA-05,1,Calibración,3,3,Alto,2,6,2026-03-01,,En planta + Mantenimiento,"0.000 inH2O, 0.200 inH2O, 0.400 inH2O, 0.600 inH2O, 0.800 inH2O, 1.000 inH2O Tol: ± 0.020"
MAD-MA-06,1,Calibración,3,3,Alto,2,6,2026-03-01,,En planta + Mantenimiento,"0.000 inH2O, 0.500 inH2O, 1.000 inH2O, 1.500 inH2O, 2.000 inH2O Tol: ±0.050"
MAD-MA-07,1,Calibración,3,2,Alto,1,12,2026-04-01,,En planta + Mantenimiento,"0 MMh2O, 300 mmH2O, 600 mmH2O, 900 mmH2O, 1000 mmH2O Tol ±20 mmH20"
MAD-MA-08,1,Calibración,3,2,Alto,1,12,2026-04-01,,En planta + Mantenimiento,"0 MMh2O, 300 mmH2O, 600 mmH2O, 900 mmH2O, 1000 mmH2O Tol ±20 mmH20"
MAD-MA-09,1,Calibración,3,2,Alto,3,6,2025-12-01,,En planta + Mantenimiento,"0.0 inH2O, 0.4 inH2O, 1.0 inH2O, 1.4 inH2O, 2.0 inH2O, 2.4 inH2O, 3.0 inH2O, 4.0 inH2O, 5.0 inH2O ± 0.2 inH2O."
MAD-MA-10,1,Calibración,3,2,Alto,3,6,2025-12-01,,En planta + Mantenimiento,"0.0 inH2O, 0.4 inH2O, 1.0 inH2O, 1.4 inH2O, 2.0 inH2O, 2.4 inH2O, 3.0 inH2O, 4.0 inH2O, 5.0 inH2O ± 0.2 inH2O."
MAD-MA-11,1,Calibración,3,2,Alto,3,6,2025-12-01,,En planta + Mantenimiento,"0.0 inH2O, 0.4 inH2O, 1.0 inH2O, 1.4 inH2O, 2.0 inH2O, 2.4 inH2O, 3.0 inH2O, 4.0 inH2O, 5.0 inH2O ± 0.2 inH2O."
MAD-MA-12,1,Calibración,3,2,Alto,3,6,2025-12-01,,En planta + Mantenimiento,"0.0 inH2O, 0.4 inH2O, 1.0 inH2O, 1.4 inH2O, 2.0 inH2O, 2.4 inH2O, 3.0 inH2O, 4.0 inH2O, 5.0 inH2O ± 0.2 inH2O."
MAD-PR-01,1,Calibración,3,3,Alto,2,6,2026-03-01,,En planta + Mantenimiento,"-1.000 inH2O, -0.500 inH2O, -0.250 inH2O, 0.000 inH2O,  0.250 inH2O, 0.500 inH2O, 1.000 inH2O Tol: ±0.050"
MAD-PR-02,1,Calibración,3,3,Alto,2,6,2026-03-01,,En planta + Mantenimiento,"-1.000 inH2O, -0.500 inH2O, -0.250 inH2O, 0.000 inH2O,  0.250 inH2O, 0.500 inH2O, 1.000 inH2O Tol: ±0.050"
MAD-PR-03,1,Calibración,3,3,Alto,2,6,2025-12-01,,En planta + Mantenimiento,"-1.00, -0.750, -0.500, -0.250, 0.000, 0.250, 0.500,0.750, 1.000 InH2O Tol ± 0.050."
MAD-PR-05,1,NA,NA,NA,NA,NA,NA,,Baja: 17-Abr-18. No se ha añadido su primer certificado,NA,
MAD-PR-09,1,NA,NA,NA,NA,NA,NA,,Rechazado en calibración. No se ha añadido su primer certificado,En planta + Mantenimiento,"-1.000 inH2O, -0.750 inH2O, -0.500 inH2O, -0.250 inH2O, -0.100 inH2O, -0.050 inH2O, 0.000 inH2O, 0.050 inH2O, 0.100 inH2O, 0.250 inH2O, 0.500 inH2O, 0.750 inH2O, 1.000 inH2O Tol. ±0.050inH2O"
MAD-PR-10,1,NA,NA,NA,NA,NA,NA,,Baja: 17-Abr-18. No se ha añadido su primer certificado,NA,
MAD-PR-12,1,Calibración,3,3,Alto,2,6,2025-12-01,,En planta + Mantenimiento,"-1.000 inH2O, -0.750 inH2O, -0.500 inH2O, -0.250 inH2O, 0.000 inH2O, 0.250 inH2O, 0.500 inH2O, 0.750 inH2O, 1.000 inH2O (Tolerancia: ± 0.050)"
MAD-PR-13,1,NA,NA,NA,NA,NA,NA,,Baja: 17-Abr-18. No se ha añadido su primer certificado,NA,
MAD-PR-14,1,NA,NA,NA,NA,NA,NA,,Baja 11-Mar-24. No se ha añadido su primer certificado,NA,
MAD-PR-15,1,NA,NA,NA,NA,NA,NA,,Baja: 17-Abr-18. No se ha añadido su primer certificado,NA,
MAD-PR-16,1,Calibración,3,3,Alto,2,6,2026-03-01,,En planta + Mantenimiento,"-1.000 inH2O, -0.500 inH2O, -0.250 inH2O, 0.000 inH2O,  0.250 inH2O, 0.500 inH2O, 1.000 inH2O Tol: ±0.050"
MAD-PR-17,1,Calibración,3,3,Alto,2,6,2026-03-01,,En planta,"-1.000 inH2O, -0.500 inH2O, -0.250 inH2O, 0.000 inH2O,  0.250 inH2O, 0.500 inH2O, 1.000 inH2O Tol: ±0.050"
MAD-PR-18,1,NA,NA,NA,NA,NA,NA,,Baja: 17-Abr-18. No se ha añadido su primer certificado,NA,
MAD-PR-19,1,NA,NA,NA,NA,NA,NA,,Baja: 03-Sep-21. No se ha añadido su primer certificado,NA,
MAD-PR-20,1,Calibración,3,3,Alto,2,6,2026-03-01,,En planta + Mantenimiento,"-0.250 inH2O, -0.150 inH2O, -0.050 inH2O, 0.000 inH2O, 0.050 inH2O, 0.150 inH2O, 0.250 inH2O  Tol: ± 0.01"
MAD-PR-21,1,Calibración,3,3,Alto,2,6,2026-03-01,,En planta + Mantenimiento,"-0.250 inH2O, -0.150 inH2O, -0.050 inH2O, 0.000 inH2O, 0.050 inH2O, 0.150 inH2O, 0.250 inH2O  Tol: ± 0.01"
MAD-PR-22,1,Calibración,3,3,Alto,2,6,2026-03-01,,En planta + Mantenimiento,"-0.250 inH2O, -0.150 inH2O, -0.050 inH2O, 0.000 inH2O, 0.050 inH2O, 0.150 inH2O, 0.250 inH2O  Tol: ± 0.01"
MAD-PR-23,1,Calibración,3,3,Alto,2,6,2026-03-01,,En planta + Mantenimiento,"-0.250 inH2O, -0.150 inH2O, -0.050 inH2O, 0.000 inH2O, 0.050 inH2O, 0.150 inH2O, 0.250 inH2O  Tol: ± 0.01"
MAD-PR-24,1,NA,NA,NA,NA,NA,NA,,No se ha añadido su primer certificado,En planta + Mantenimiento,"-0.250 inH2O, -0.150 inH2O, -0.050 inH2O, 0.000 inH2O, 0.050 inH2O, 0.150 inH2O, 0.250 inH2O  Tol: ± 0.01"
MAD-PR-25,1,NA,NA,NA,NA,NA,NA,,No se ha añadido su primer certificado,NA,
MAD-PR-26,1,NA,NA,NA,NA,NA,NA,,No se ha añadido su primer certificado,En planta + Mantenimiento,"-0.250 inH2O, -0.150 inH2O, -0.050 inH2O, 0.000 inH2O, 0.050 inH2O, 0.150 inH2O, 0.250 inH2O  Tol: ± 0.01"
MAD-PR-27,1,Calibración,3,3,Alto,2,6,2026-03-01,,En planta + Mantenimiento,"-0.250 inH2O, -0.150 inH2O, -0.050 inH2O, 0.000 inH2O, 0.050 inH2O, 0.150 inH2O, 0.250 inH2O  Tol: ± 0.01"
MAD-PR-28,1,Calibración,3,3,Alto,2,6,2026-03-01,,En planta + Mantenimiento,"-0.250 inH2O, -0.150 inH2O, -0.050 inH2O, 0.000 inH2O, 0.050 inH2O, 0.150 inH2O, 0.250 inH2O  Tol: ± 0.01"
MAD-PR-29,1,Calibración,3,3,Alto,2,6,2026-03-01,,En planta + Mantenimiento,"-0.250 inH2O, -0.150 inH2O, -0.050 inH2O, 0.000 inH2O, 0.050 inH2O, 0.150 inH2O, 0.250 inH2O  Tol: ± 0.01"
MAD-PR-30,1,NA,NA,NA,NA,NA,NA,,No se ha añadido su primer certificado,En planta + Mantenimiento,"-0.250 inH2O, -0.150 inH2O, -0.050 inH2O, 0.000 inH2O, 0.050 inH2O, 0.150 inH2O, 0.250 inH2O  Tol: ± 0.01"
MAD-PR-31,1,NA,NA,NA,NA,NA,NA,,No se ha añadido su primer certificado,En planta + Mantenimiento,"-0.250 inH2O, -0.150 inH2O, -0.050 inH2O, 0.000 inH2O, 0.050 inH2O, 0.150 inH2O, 0.250 inH2O  Tol: ± 0.01"
MAD-PR-34,1,NA,NA,NA,NA,NA,NA,,No se ha añadido su primer certificado,En planta + Mantenimiento,"-0.250 inH2O, -0.150 inH2O, -0.050 inH2O, 0.000 inH2O, 0.050 inH2O, 0.150 inH2O, 0.250 inH2O  Tol: ± 0.01"
MAD-PR-35,1,NA,NA,NA,NA,NA,NA,,Baja: 03-Mar-22. No se ha añadido su primer certificado,NA,
MAD-PR-36,1,Calibración,3,3,Alto,2,6,2026-03-01,,En planta + Mantenimiento,"-0.250 inH2O, -0.150 inH2O, -0.050 inH2O, 0.000 inH2O, 0.050 inH2O, 0.150 inH2O, 0.250 inH2O  Tol: ± 0.01"
MAD-PR-37,1,Calibración,3,3,Alto,2,6,2026-03-01,,En planta + Mantenimiento,"-0.250 inH2O, -0.150 inH2O, -0.050 inH2O, 0.000 inH2O, 0.050 inH2O, 0.150 inH2O, 0.250 inH2O  Tol: ± 0.01"
MAD-PR-38,1,NA,NA,NA,NA,NA,NA,,No se ha añadido su primer certificado,En planta + Mantenimiento,"-0.250 inH2O, -0.150 inH2O, -0.050 inH2O, 0.000 inH2O, 0.050 inH2O, 0.150 inH2O, 0.250 inH2O  Tol: ± 0.01"
MAD-PR-39,1,Calibración,3,3,Alto,2,6,2026-03-01,,En planta + Mantenimiento,"-0.250 inH2O, -0.150 inH2O, -0.050 inH2O, 0.000 inH2O, 0.050 inH2O, 0.150 inH2O, 0.250 inH2O  Tol: ± 0.01"
MAD-PR-40,1,Calibración,3,3,Alto,2,6,2026-03-01,,En planta + Mantenimiento,"-0.250 inH2O, -0.150 inH2O, -0.050 inH2O, 0.000 inH2O, 0.050 inH2O, 0.150 inH2O, 0.250 inH2O  Tol: ± 0.01"
MAD-PR-41,1,Calibración,3,3,Alto,2,6,2025-11-01,,En planta + Mantenimiento,"Negativo
0.00, 0.05, 0.10, 0.15, 0.20, 0.25 InH2O ±0.01 InH2O
Positivo
0.00, 0.05, 0.10, 0.15, 0.20, 0.25 InH2O ±0.01 InH2O"
MAD-PR-42,1,NA,NA,NA,NA,NA,NA,,No se ha añadido su primer certificado,NA,
MAD-PR-43,1,Calibración,3,3,Alto,2,6,2026-03-01,,En planta + Mantenimiento,"-0.250 InH2O, -0.150 InH2O, -0.050 InH2O, 0.000, 0.050 InH2O, 0.150 InH2O, 0.250 InH2O Tol ± 0.01"
MAD-PR-44,1,NA,NA,NA,NA,NA,NA,,No se ha añadido su primer certificado,En planta,"-1.00 InH2O, -0.75 InH2O, -0.50 InH2O, -0.25 InH2O, 0.00, 0.25 InH2O, 0.50 InH2O, 0.75 InH2O, 1.00 InH2O Tol ± 0.05"
MAD-PR-45,1,Calibración,3,3,Alto,2,6,2026-03-01,,En planta,"-1.00 InH2O, -0.50 InH2O, -0.25 InH2O, 0.0 InH2O, 0.25 InH2O, 0.50 InH2O, 1.00 InH2O ± 0.05"
MAD-VA-01,1,NA,NA,NA,NA,NA,NA,,No se ha añadido su primer certificado,En planta + Mantenimiento,"-0.25 inH2O, -0.20 inH2O, -0.15 inH2O, -0.10 inH2O, -0.05 InH2O, 0.00 inH2O, 0.05 inH2O, 0.10 inH2O, 0.15 inH2O, 0.20 inH2O, 0.25 inH2O (Tolerancia: ± 0.01)"
MAD-VA-02,1,Calibración,1,1,Bajo,2,18,,No se ha añadido su primer certificado,En planta + Mantenimiento,"Negativo
0.00, 0.05, 0.10, 0.15, 0.20, 0.25 InH2O ±0.01 InH2O
Positivo
0.00, 0.05, 0.10, 0.15, 0.20, 0.25 InH2O ±0.01 InH2O"
MAD-VA-03,1,Calibración,1,1,Bajo,2,18,2027-01-01,,En planta + Mantenimiento,"Negativo
0.00, 0.05, 0.10, 0.15, 0.20, 0.25 InH2O ±0.01 InH2O
Positivo
0.00, 0.05, 0.10, 0.15, 0.20, 0.25 InH2O ±0.01 InH2O"
MAD-VA-04,1,Calibración,1,1,Bajo,2,18,2027-01-01,,En planta + Mantenimiento,"Negativo
0.00, 0.05, 0.10, 0.15, 0.20, 0.25 InH2O ±0.01 InH2O
Positivo
0.00, 0.05, 0.10, 0.15, 0.20, 0.25 InH2O ±0.01 InH2O"
MAE-PR-01,1,NA,NA,NA,NA,NA,NA,,Baja: 01-Abr-19. No se ha añadido su primer certificado,NA,
MAE-PR-02,1,NA,NA,NA,NA,NA,NA,,Baja: 01-Abr-19. No se ha añadido su primer certificado,NA,
MAE-PR-03,1,NA,NA,NA,NA,NA,NA,,Baja: 03-Mar-22. No se ha añadido su primer certificado,NA,
MAE-PR-04,1,NA,NA,NA,NA,NA,NA,,Baja: 01-Abr-19. No se ha añadido su primer certificado,NA,
MAE-PR-05,1,NA,NA,NA,NA,NA,NA,,Baja: 04-Mar-21. No se ha añadido su primer certificado,NA,
MAN-LC-01,1,Calibración,2,1,Bajo,2,18,2027-03-01,,En planta + Mantenimiento,"0.00, 5.00, 10.00, 15.00, 20.00, 25.00, 30.00 PSI Tol ± 0.50"
MAN-PR-01,1,NA,NA,NA,NA,NA,NA,,No se ha añadido su primer certificado,NA,
MAN-VA-01,1,NA,NA,NA,NA,NA,NA,,Baja: 08-Jun-22. No se ha añadido su primer certificado,NA,
MAP-CP-01,1,Calibración,1,3,Medio,2,12,2026-07-01,,En planta + Mantenimiento,"0.00 PSI, 30.00 PSI, 60.00 PSI, 90.00 PSI, 120.00 PSI, 150.00 PSI Tol ±5.00PSI"
MAP-DA-01,1,NA,NA,NA,NA,NA,NA,,Por requerimiento de usuario no se procede a calibración.. No se ha añadido su primer certificado,NA,
MAP-DA-02,1,Calibración,1,3,Medio,2,12,2025-12-01,,En planta + Mantenimiento,"0.00, 20.00, 40.00, 60.00, 80.00, 100.00, 120.00, 140.00, 160.00 PSI Tol ± 5.00 PSI."
MAP-DA-03,1,Calibración,1,1,Bajo,2,18,2027-01-01,,En planta,"0.00 PSI, 20.00 PSI, 40.00 PSI, 60.00 PSI, 80.00 PSI, 100.00 PSI, 120.00 PSI, 140.00 PSI, 160.00 PSI Tol ±5.00PSI"
MAP-DA-04,1,NA,NA,NA,NA,NA,NA,,Baja: 05-Mar-21. No se ha añadido su primer certificado,NA,
MAP-DA-05,1,NA,NA,NA,NA,NA,NA,,Por requerimiento de usuario no se procede a calibración.. No se ha añadido su primer certificado,NA,
MAP-FR-14,1,Calibración,3,2,Alto,1,12,2026-04-01,,En planta + Mantenimiento,"0.00 kg/cm2, 2.00 kg/cm2, 4.00 kg/cm2, 6.00 kg/cm2, 8.00 kg/cm2, 10.00 kg/cm2 Tol ±.0.20kg/cm2"
MAP-FR-15,1,Calibración,3,2,Alto,1,12,2026-04-01,,En planta + Mantenimiento,"0.00 kg/cm2, 2.00 kg/cm2, 4.00 kg/cm2, 6.00 kg/cm2, 8.00 kg/cm2, 10.00 kg/cm2 Tol ±.0.20kg/cm2"
MAP-FR-16,1,Calibración,3,2,Alto,1,12,2025-12-01,,En planta + Mantenimiento,"0.00 PSI, 50.00 PSI, 100.00 PSI, 150.00 PSI Tol ±5.00"
MAP-FR-17,1,Calibración,3,3,Alto,1,12,2025-12-01,,En planta + Mantenimiento,"0.00 PSI, 50.00 PSI, 100.00 PSI, 150.00 PSI Tol ±10.00"
MAP-FR-18,1,Calibración,3,3,Alto,1,12,2025-12-01,,En planta + Mantenimiento,"0.00 PSI, 50.00 PSI, 100.00 PSI, 150.00 PSI Tol ±10.00"
MAP-FR-19,1,Calibración,1,1,Bajo,2,18,2027-01-01,,En planta,"0.00 MPa, 0.20 MPa, 0.40 Mpa, 0.80 MPa, 1.00 MPa Tol ±0.02MPa"
MAP-FR-20,1,NA,NA,NA,NA,NA,NA,,Baja: 22-Jul-25 vrodriguez 22-Jul-25. No se ha añadido su primer certificado,En planta,"0.00 MPa, 0.20 MPa, 0.40 Mpa, 0.80 MPa, 1.00 MPa Tol ±0.02MPa"
MAP-FR-21,1,Calibración,2,3,Alto,1,12,2025-11-01,,En planta + Mantenimiento,"0 PSI, 2 000PSI, 4 000PSI, 6 000PSI, 8 000PSI,10 000PSI, Tol ± 200 PSI"
MAP-FR-22,1,Calibración,3,3,Alto,1,12,2026-02-01,,En planta + Mantenimiento,"0.0000 MPa, 0.2000 MPa, 0.4000MPa, 0.8000MPa, 1.0000MPa, Tol ± 0.0200 MPa"
MAP-FR-23,1,Calibración,2,3,Alto,1,12,2026-06-01,,En planta + Mantenimiento,"0.00 PSI, 100.00 PSI, 200.00 PSI, 300.00 PSI, 400.0 PSI De acuerdo a proveedor."
MAP-LC-01,1,Calibración,1,3,Medio,2,12,2026-07-01,,En planta + Mantenimiento,"0.00 PSI, 20.00 PSI, 40.00 PSI, 60.00 PSI, 80.00 PSI, 100.00 PSI, 120.00 PSI, 140.00 PSI, 150.00 PSI Tol ±5.00PSI"
MAP-LC-02,1,NA,NA,NA,NA,NA,NA,,Baja: 12-Nov-18. No se ha añadido su primer certificado,NA,
MAP-LC-03,1,NA,NA,NA,NA,NA,NA,,Baja: 20-Ago-18. No se ha añadido su primer certificado,NA,
MAP-LC-04,1,Calibración,2,2,Medio,2,12,2026-09-01,,En planta + Mantenimiento,"0.00, 5.00, 10.00, 20.00, 30.00 PSI Tol ± 1.00 PSI"
MAP-LC-05,1,Calibración,1,3,Medio,2,12,2025-11-01,,En planta + Mantenimiento,"0.00, 5.00, 10.00, 20.00, 30.00 PSI Tol ± 5.00 PSI"
MAP-LC-06,1,NA,NA,NA,NA,NA,NA,,No se ha añadido su primer certificado,NA,
MAP-LC-07,1,NA,NA,NA,NA,NA,NA,,No se ha añadido su primer certificado,NA,
MAP-LC-08,1,NA,NA,NA,NA,NA,NA,,Por requerimiento de usuario no se procede a calibración.. No se ha añadido su primer certificado,NA,
MAP-LC-09,1,NA,NA,NA,NA,NA,NA,,Rechazado en calibración. No se ha añadido su primer certificado,NA,
MAP-LC-10,1,Calibración,1,3,Medio,2,12,2025-10-01,,En planta + Mantenimiento,"0 PSI, 10 PSI, 20 PSI, 50 PSI, 100 PSI, 150 PSI, 200 PSI Tol ±1.00PSI"
MAP-LC-11,1,Calibración,1,3,Medio,2,12,2026-05-01,,En planta + Mantenimiento,"20.00 PSI, 40.00 PSI, 60.00 PSI, 80.00 PSI, 100.00 PSI, 120.00 PSI, 140.00 PSI, 160.00 PSI Tol ±5.00PSI"
MAP-MA-01,1,NA,NA,NA,NA,NA,NA,,Baja por extravío. No se ha añadido su primer certificado,NA,
MAP-MA-02,1,NA,NA,NA,NA,NA,NA,,Baja: 25-Jul-18. No se ha añadido su primer certificado,NA,
MAP-MA-03,1,NA,NA,NA,NA,NA,NA,,Baja: 25-Jul-19. No se ha añadido su primer certificado,NA,
MAP-MA-04,1,NA,NA,NA,NA,NA,NA,,Baja: 24-Jul-20. No se ha añadido su primer certificado,NA,
MAP-MA-05,1,NA,NA,NA,NA,NA,NA,,Baja: 02-Sep-22. No se ha añadido su primer certificado,NA,
MAP-MA-06,1,NA,NA,NA,NA,NA,NA,,Baja: 12-Nov-18. No se ha añadido su primer certificado,NA,
MAP-MA-07,1,NA,NA,NA,NA,NA,NA,,Baja: 12-Nov-18. No se ha añadido su primer certificado,NA,
MAP-MA-08,1,Calibración,2,3,Alto,1,12,2026-09-01,,En planta + Mantenimiento,"0.000 InH2O, 1.000 InH2O, 2.000 InH2O, 3.000 InH2O, 4.000 InH2O, 5.000 InH2O ± 0.200 InH2O."
MAP-MA-09,1,NA,NA,NA,NA,NA,NA,,Baja: 12-Nov-18. No se ha añadido su primer certificado,NA,
MAP-MA-10,1,NA,NA,NA,NA,NA,NA,,Baja: 02-Sep-22. No se ha añadido su primer certificado,NA,
MAP-MA-11,1,NA,NA,NA,NA,NA,NA,,Baja: 02-Sep-22. No se ha añadido su primer certificado,NA,
MAP-MA-12,1,NA,NA,NA,NA,NA,NA,,Baja: 19-Oct-20. No se ha añadido su primer certificado,NA,
MAP-MA-13,1,Calibración,2,2,Medio,2,12,2025-12-01,,En planta + Mantenimiento,"0.00 PSI, 20.00 PSI, 40.00 PSI, 60.00 PSI, 80.00 PSI, 100.00 PSI ± 2.00 PSI."
MAP-MA-14,1,NA,NA,NA,NA,NA,NA,,Baja: 11-Nov-19. No se ha añadido su primer certificado,NA,
MAP-MA-15,1,NA,NA,NA,NA,NA,NA,,Baja: 02-Dic-21. No se ha añadido su primer certificado,NA,
MAP-MA-16,1,NA,NA,NA,NA,NA,NA,,No se ha añadido su primer certificado,NA,
MAP-MA-17,1,NA,NA,NA,NA,NA,NA,,Baja: 11-Nov-19. No se ha añadido su primer certificado,NA,
MAP-MA-18,1,NA,NA,NA,NA,NA,NA,,Baja: 06-Dic-19. No se ha añadido su primer certificado,NA,
MAP-MA-19,1,NA,NA,NA,NA,NA,NA,,No hay calibración por instrumento fuera de uso. No se ha añadido su primer certificado,NA,
MAP-MA-20,1,NA,NA,NA,NA,NA,NA,,Baja: 10-May-22. No se ha añadido su primer certificado,NA,
MAP-MA-21,1,NA,NA,NA,NA,NA,NA,,Baja: 02-Dic-21. No se ha añadido su primer certificado,NA,
MAP-MA-22,1,Calibración,2,2,Medio,2,12,2025-12-01,,En planta + Mantenimiento,"0 PSI, 20 PSI 40 PSI, 60 PSI, 80 PSI, 100 PSI Tol ±2.00PSI"
MAP-MA-23,1,Calibración,2,2,Medio,2,12,2025-12-01,,En planta + Mantenimiento,"0 PSI, 20 PSI 40 PSI, 60 PSI, 80 PSI, 100 PSI Tol ±2.00PSI"
MAP-MA-24,1,Calibración,2,2,Medio,2,12,2025-12-01,,En planta + Mantenimiento,"0 PSI, 20 PSI 40 PSI, 60 PSI, 80 PSI, 100 PSI Tol ±2.00PSI"
MAP-MA-25,1,Calibración,3,3,Alto,2,6,2025-12-01,,En planta + Mantenimiento,"0 PSI, 30 PSI, 70 PSI, 90 PSI, 110 PSI, 140 PSI, 110 PSI, 90 PSI, 70 PSI, 30 PSI, 0 PSI Tol ±10.00PSI"
MAP-MA-26,1,Calibración,3,3,Alto,2,6,2025-12-01,,En planta + Mantenimiento,"0 PSI, 30 PSI, 70 PSI, 90 PSI, 110 PSI, 140 PSI, 110 PSI, 90 PSI, 70 PSI, 30 PSI, 0 PSI Tol ±10.00PSI"
MAP-MA-27,1,Calibración,3,3,Alto,2,6,2025-12-01,,En planta + Mantenimiento,"0 PSI, 30 PSI, 70 PSI, 90 PSI, 110 PSI, 140 PSI, 110 PSI, 90 PSI, 70 PSI, 30 PSI, 0 PSI Tol ±10.00PSI"
MAP-MA-28,1,Calibración,3,3,Alto,2,6,2025-12-01,,En planta + Mantenimiento,"0 PSI, 30 PSI, 70 PSI, 90 PSI, 110 PSI, 140 PSI, 110 PSI, 90 PSI, 70 PSI, 30 PSI, 0 PSI Tol ±10.00PSI"
MAP-MA-29,1,Calibración,3,3,Alto,2,6,2025-12-01,,En planta + Mantenimiento,"0 PSI, 30 PSI, 70 PSI, 90 PSI, 110 PSI, 140 PSI, 110 PSI, 90 PSI, 70 PSI, 30 PSI, 0 PSI Tol ±10.00PSI"
MAP-MA-30,1,Calibración,3,3,Alto,2,6,2025-12-01,,En planta + Mantenimiento,"0 PSI, 30 PSI, 70 PSI, 90 PSI, 110 PSI, 140 PSI, 110 PSI, 90 PSI, 70 PSI, 30 PSI, 0 PSI Tol ±10.00PSI"
MAP-MA-31,1,NA,NA,NA,NA,NA,NA,,No se ha añadido su primer certificado,NA,
MAP-MA-32,1,Calibración,3,3,Alto,1,12,2026-04-01,,En planta + Mantenimiento,"0.00 PSI, 50.00 PSI, 100.00 PSI, 150.00 PSI Tol ±10.00 PSI"
MAP-MA-33,1,NA,NA,NA,NA,NA,NA,,No se ha añadido su primer certificado,NA,
MAP-MA-34,1,Calibración,3,3,Alto,2,6,2026-03-01,,En planta + Mantenimiento,"0.00, 30.00, 50.00, 100.00, 150.00 PSI, ± 10.00 PSI"
MAP-MA-35,1,Calibración,3,3,Alto,2,6,2026-03-01,,En planta + Mantenimiento,"0.00, 30.00, 50.00, 100.00, 150.00 PSI, ± 10.00 PSI"
MAP-MA-36,1,NA,NA,NA,NA,NA,NA,,No se ha añadido su primer certificado,NA,
MAP-MA-37,1,Calibración,2,2,Medio,2,12,2025-10-01,,En planta + Mantenimiento,"0.00 PSI, 40.00 PSI, 80.00 PSI, 120.00 PSI, 160.00 PSI, 200.00 PSI Tolerancia de acuerdo a especificación de proveedor."
MAP-MA-38,1,Calibración,2,2,Medio,2,12,2025-12-01,,En planta + Mantenimiento,"0.00 PSI, 20.00 PSI, 40.00 PSI, 60.00 PSI, 80.00 PSI, 100.00 PSI Tol. ± 2.00 PSI"
MAP-MI-01,1,Calibración,1,3,Medio,2,12,2026-04-01,,En planta + Mantenimiento,"0.00 MPa, 0.10 MPa, 0.20 Mpa, 0.30 MPa, 0.40 MPa ± 0.02 MPa"
MAP-PR-01,1,NA,NA,NA,NA,NA,NA,,Baja: 08-Jun-22. No se ha añadido su primer certificado,NA,
MAP-PR-02,1,NA,NA,NA,NA,NA,NA,,Baja: 11-Nov-19. No se ha añadido su primer certificado,NA,
MAP-PR-03,1,NA,NA,NA,NA,NA,NA,,Baja: 18-Ene-21. No se ha añadido su primer certificado,NA,
MAP-PR-04,1,NA,NA,NA,NA,NA,NA,,Baja: 04-Mar-21. No se ha añadido su primer certificado,NA,
MAP-PR-05,1,NA,NA,NA,NA,NA,NA,,Baja: 04-Mar-21. No se ha añadido su primer certificado,NA,
MAP-PR-06,1,NA,NA,NA,NA,NA,NA,,Baja: 06-Dic-19. No se ha añadido su primer certificado,NA,
MAP-PR-07,1,NA,NA,NA,NA,NA,NA,,Baja: 09-Mar-20. No se ha añadido su primer certificado,NA,
MAP-PR-08,1,Calibración,2,2,Medio,2,12,2025-12-01,,En planta,"0.00, 50.00, 100.00, 150.00 PSI Tol ± 5.00 PSI"
MAP-PR-09,1,NA,NA,NA,NA,NA,NA,,No se ha añadido su primer certificado,NA,
MAP-PR-10,1,Calibración,2,2,Medio,2,12,2026-05-01,,En planta + Mantenimiento,"20.00 PSI, 40.00 PSI, 60.00 PSI, 80.00 PSI, 100.00 PSI, 120.00 PSI, 140.00 PSI, 160.00 PSI Tol ±5.00PSI"
MAP-PR-11,1,Calibración,2,2,Medio,2,12,2026-05-01,,En planta + Mantenimiento,"20.00 PSI, 40.00 PSI, 60.00 PSI, 80.00 PSI, 100.00 PSI, 120.00 PSI, 140.00 PSI, 160.00 PSI Tol ±5.00PSI"
MAP-PR-12,1,NA,NA,NA,NA,NA,NA,,Baja 14-Oct-21. No se ha añadido su primer certificado,NA,
MAP-PR-13,1,NA,NA,NA,NA,NA,NA,,Rechazado en calibración. No se ha añadido su primer certificado,NA,
MAP-VA-01,1,Calibración,3,1,Medio,2,12,2026-07-01,,En planta,"0.00 PSI, 50.00 PSI, 100.00 PSI, 150.00 PSI, 200.00 PSI, 230.00 PSI Tol ±10.00PSI"
MAS-CP-01,1,Calibración,2,3,Alto,1,12,2026-04-01,"Se manda a calibrar solo la masa de 1 kg para uso del departamento de almacén, el resto de las masas queda al resguardo de Control en proceso.",Externa,1.0000 Kg Tol. ±0.0100 Kg
MAS-CP-02,1,Calibración,2,3,Alto,1,12,2026-07-01,Falta una masa de 2.00mg del set,Externa,"1.00mg, 2.00mg, 5.00mg, 10.00mg, 20.00mg, 20.00mg, 50.00mg, 100.00mg, 200.00mg, 200.00mg, 500.00mg, 1.00g, 2.00g, 2.00g, 5.00g, 10.00g, 20.00g, 20.00g, 50.00g, 100.00g Tolerancia establecida por el proveedor."
MAS-DA-01,1,Calibración,2,3,Alto,1,12,2025-12-01,,Externa,"1.00 mg (Tol. ±0.20), 5.0 mg (Tol. ±0.17), 20.00 mg (Tol. ±0.26), 200.00 mg (Tol. ±0.54), 20.00000 g (Tol. ±0.00400)"
MAS-DA-02,1,NA,NA,NA,NA,NA,NA,,Fuera de uso se mandará a calibrar solo si el usuario lo solicita. No se ha añadido su primer certificado,NA,
MAS-LC-01,1,Calibración,2,3,Alto,1,12,2026-03-01,,Externa,"10.00 mg (Tol. ±0.21), 20.00 mg (Tol. ±0.26), 50.00 mg (Tol. ±0.35), 100.00 mg (Tol. ±0.43), 200.00 mg (Tol. ±0.54), 500.00 mg (Tol± 0.72) / 1.000000 g (Tol. ±0.000900), 2.000000 g (Tol. ±0.001120),5.000000 g (Tol. ±0.001500),10.000000 g (Tol. ±00.002000),20.000000g (Tol±0.004000),50.000000 g (Tol. ±0.0.010000),100.000000 g (Tol. ±0.02000),200.000000 g (Tol. ±0.040000)."
MAS-LC-02,1,Calibración,2,3,Alto,1,12,2026-03-01,,Externa,1.000000 g Tol ±0.000001 g
MAS-LC-03,1,Calibración,2,3,Alto,1,12,2026-03-01,,Externa,50.000 g Tol. 0.01 g
MAS-LC-04,1,Calibración,2,3,Alto,1,12,2026-03-01,,Externa,100.0000 g Tol. 0.0002 g
MAS-LC-05,1,NA,NA,NA,NA,NA,NA,,No se ha añadido su primer certificado,NA,
MAS-LC-06,1,Calibración,2,3,Alto,1,12,2025-11-01,,Externa,10.00000 g Tol ±0.00200 g
MAV-CP-01,1,NA,NA,NA,NA,NA,NA,,Baja: 07-Sep-22. No se ha añadido su primer certificado,NA,
MAV-DA-01,1,NA,NA,NA,NA,NA,NA,,Baja: 11-Oct-18. No se ha añadido su primer certificado,NA,
MAV-DA-02,1,Calibración,2,3,Alto,1,12,2026-09-01,,En planta + Mantenimiento,"0.00 inHG, 5.00 inHG, 10.00 inHG, 20.00 inHG, 25.00 inHg Tol ±1.00inHg"
MAV-DA-03,1,Calibración,2,2,Medio,2,12,2025-11-01,,En planta + Mantenimiento,"0.00 inHG, 5.00 inHG, 10.00 inHG, 20.00 inHG, 25.00 inHg Tol ±1.00inHg"
MAV-DA-04,1,NA,NA,NA,NA,NA,NA,,No se ha añadido su primer certificado,NA,
MAV-DA-05,1,Calibración,2,2,Medio,2,12,2026-03-01,,En planta + Mantenimiento,"-30.000 InHg, -25.00 InHg, -20.00 InHg, -15.00 InHg, -10.00 InHg, -5.00 InHg, 0.00 InHg Tol ± 1.00"
MAV-DA-06,1,Calibración,1,3,Medio,2,12,2025-12-01,,En planta + Mantenimiento,"0.00InHg, 5.00inHg, 10.00 inHg, 15.00inHg, 20.00inHg, 30.00inHg Tol ±1.00InHg"
MAV-DA-07,1,NA,NA,NA,NA,NA,NA,,Por mantener garantia se cancela calibración. No se ha añadido su primer certificado,NA,
MAV-FR-01,1,Calibración,2,3,Alto,1,12,2025-10-01,,En planta + Mantenimiento,"0.0 inHg, -5.0 inHg, -10.0 inHg, -15.0 inHg, -20.5  inHg, -25.5 inHg, -30.0 inHg Tol. ±1.0inHg"
MAV-FR-02,1,NA,NA,NA,NA,NA,NA,,No se ha añadido su primer certificado,NA,
MAV-FR-03,1,Calibración,2,2,Medio,2,12,2025-12-01,,En planta + Mantenimiento,"0.00 inHg, 5.00inHg, 10.00 inHg, 15.00inHg, 20.00inHg, 22.00inHg Tol. ±3 inHg"
MAV-FR-04,1,Calibración,2,3,Alto,1,12,2025-12-01,,En planta + Mantenimiento,"0.00 Mpa, -0.02 Mpa, -0.04 Mpa, -0.08 Mpa, -0.1 Mpa Tolerancia de acuerdo a proveedor."
MAV-FR-05,1,Calibración,2,3,Alto,1,12,2026-08-01,,En planta + Mantenimiento,"0.00 MPa, -0.02 MPa, -0.04 MPa, -0.06 MPa Tolerancia establecida por el proveedor."
MAV-LC-01,1,NA,NA,NA,NA,NA,NA,,Baja:15-Ago-19. No se ha añadido su primer certificado,NA,
MAV-LC-02,1,NA,NA,NA,NA,NA,NA,,Baja:16-Nov-18. No se ha añadido su primer certificado,NA,
MAV-LC-03,1,NA,NA,NA,NA,NA,NA,,Baja:17-Dic-18. No se ha añadido su primer certificado,NA,
MAV-LC-04,1,Calibración,2,3,Alto,1,12,2026-03-01,,En planta + Mantenimiento,"0.00 inHg, -5.00 inHg, -10.00 inHg, -15.00 inHg, -20.00 inHg, -30.00 inHg Tol ±1.00inHg"
MAV-LC-05,1,Calibración,2,3,Alto,1,12,2026-09-01,,En planta + Mantenimiento,"5.00 inHg, 10.00 inHg, 20.00inHg, 25.00inHg Tol ±0.50inHg"
MAV-LC-06,1,Calibración,3,2,Alto,1,12,2025-12-01,,En planta + Mantenimiento,"0.00inHg, 5.00inHg, 10.00 inHg, 15.00inHg, 20.00inHg, 30.00inHg Tol ±1.00InHg"
MAV-LC-07,1,Calibración,2,3,Alto,1,12,2026-05-01,,En planta + Mantenimiento,"0.0 inHg, 5.00inHg, 10.0inHg, 15.0inHg, 20.0inHg, 24.0InHg Tol ±1inHg"
MAV-VA-01,1,NA,NA,NA,NA,NA,NA,,"Para repuesto, se mandará a calibrar una vez que se requiera.. No se ha añadido su primer certificado",NA,
MAV-VA-02,1,NA,NA,NA,NA,NA,NA,,Instrumento como repuesto.. No se ha añadido su primer certificado,NA,
MDI-MA-01,1,Calibración,3,3,Alto,2,6,2026-02-01,Se coloca equivalencia de unidades en Pa,En planta + Mantenimiento,"- 0.250 inWC, -0.200 inWC, -0.150 inWC,    - 0.100 inWC, -0.050 inWC, 0.000 inWC, 0.050 inWC, 0.100 inWC, 0.150 inWC, 0.200 inWC, 0.250 inWC Tol ± 0.001 InWC -62.0 Pa, -50.0 Pa, -37.0 Pa, -25.0 Pa, 12.0 Pa,  0.0 Pa, 12.0 Pa, 25.0 Pa, 37.0 Pa, 50.0 Pa, 62.0 Pa"
MDI-MA-02,1,Calibración,3,3,Alto,2,6,2026-02-01,Se coloca equivalencia de unidades en Pa,En planta + Mantenimiento,"- 0.250 inWC, -0.200 inWC, -0.150 inWC,    - 0.100 inWC, -0.050 inWC, 0.000 inWC, 0.050 inWC, 0.100 inWC, 0.150 inWC, 0.200 inWC, 0.250 inWC Tol ± 0.001 InWC -62.0 Pa, -50.0 Pa, -37.0 Pa, -25.0 Pa, 12.0 Pa,  0.0 Pa, 12.0 Pa, 25.0 Pa, 37.0 Pa, 50.0 Pa, 62.0 Pa"
MDI-MA-03,1,Calibración,3,3,Alto,2,6,2026-02-01,Se coloca equivalencia de unidades en Pa,En planta + Mantenimiento,"- 0.250 inWC, -0.200 inWC, -0.150 inWC,    - 0.100 inWC, -0.050 inWC, 0.000 inWC, 0.050 inWC, 0.100 inWC, 0.150 inWC, 0.200 inWC, 0.250 inWC Tol ± 0.001 InWC -62.0 Pa, -50.0 Pa, -37.0 Pa, -25.0 Pa, 12.0 Pa,  0.0 Pa, 12.0 Pa, 25.0 Pa, 37.0 Pa, 50.0 Pa, 62.0 Pa"
MDI-MA-04,1,Calibración,3,3,Alto,2,6,2026-02-01,Se coloca equivalencia de unidades en Pa,En planta + Mantenimiento,"- 0.250 inWC, -0.200 inWC, -0.150 inWC,    - 0.100 inWC, -0.050 inWC, 0.000 inWC, 0.050 inWC, 0.100 inWC, 0.150 inWC, 0.200 inWC, 0.250 inWC Tol ± 0.001 InWC -62.0 Pa, -50.0 Pa, -37.0 Pa, -25.0 Pa, 12.0 Pa,  0.0 Pa, 12.0 Pa, 25.0 Pa, 37.0 Pa, 50.0 Pa, 62.0 Pa"
MDI-MA-05,1,Calibración,3,3,Alto,2,6,2026-02-01,Se coloca equivalencia de unidades en Pa,En planta + Mantenimiento,"- 0.250 inWC, -0.200 inWC, -0.150 inWC,    - 0.100 inWC, -0.050 inWC, 0.000 inWC, 0.050 inWC, 0.100 inWC, 0.150 inWC, 0.200 inWC, 0.250 inWC Tol ± 0.001 InWC -62.0 Pa, -50.0 Pa, -37.0 Pa, -25.0 Pa, 12.0 Pa,  0.0 Pa, 12.0 Pa, 25.0 Pa, 37.0 Pa, 50.0 Pa, 62.0 Pa"
MDI-MA-06,1,Calibración,3,3,Alto,2,6,2026-02-01,Se coloca equivalencia de unidades en Pa,En planta + Mantenimiento,"- 0.250 inWC, -0.200 inWC, -0.150 inWC,    - 0.100 inWC, -0.050 inWC, 0.000 inWC, 0.050 inWC, 0.100 inWC, 0.150 inWC, 0.200 inWC, 0.250 inWC Tol ± 0.001 InWC -62.0 Pa, -50.0 Pa, -37.0 Pa, -25.0 Pa, 12.0 Pa,  0.0 Pa, 12.0 Pa, 25.0 Pa, 37.0 Pa, 50.0 Pa, 62.0 Pa"
MDI-MA-07,1,Calibración,3,3,Alto,2,6,2026-01-01,Se coloca equivalencia de unidades en Pa,En planta + Mantenimiento,"- 0.2500 inWC, -0.2000 inWC, -0.1500 inWC,    - 0.1000 inWC, -0.0500 inWC, 0.0000 inWC, 0.0500 inWC, 0.1000 inWC, 0.1500 inWC, 0.2000 inWC, 0.2500 inWC Tol ± 1.5% (0.0075 InWC)
- 62.0 Pa, - 50.0 Pa, - 37.0 Pa, - 25.0 Pa, 12.0 Pa,  0.0 Pa, 12.0 Pa, 25.0 Pa,                                        37.0 Pa, 50.0 Pa, 62.0 Pa
Tol ± 1.5% (1.8 Pa)"
MDI-MA-08,1,Calibración,3,3,Alto,2,6,2026-02-01,Se coloca equivalencia de unidades en Pa,En planta + Mantenimiento,"- 0.250 inWC, -0.200 inWC, -0.150 inWC,    - 0.100 inWC, -0.050 inWC, 0.000 inWC, 0.050 inWC, 0.100 inWC, 0.150 inWC, 0.200 inWC, 0.250 inWC Tol ± 0.001 InWC -62.0 Pa, -50.0 Pa, -37.0 Pa, -25.0 Pa, 12.0 Pa,  0.0 Pa, 12.0 Pa, 25.0 Pa, 37.0 Pa, 50.0 Pa, 62.0 Pa"
MIC-LC-01,1,NA,NA,NA,NA,NA,NA,,No se ha añadido su primer certificado,NA,
MIC-LC-02,1,NA,NA,NA,NA,NA,NA,,No se ha añadido su primer certificado,NA,
MIM-CP-01,1,Calibración,2,2,Medio,3,6,2026-02-01,,Externa,"0.000000 in, 0.003937 in, 0.250000 in, 0.500000 in, 0.750000 in, 1.000000 in Tol. ±0.00005 in"
MIM-MA-01,1,Calibración,2,2,Medio,2,12,2026-07-01,,Externa,"0.000000 in, 0.003937 in, 0.250000 in, 0.500000 in, 0.750000 in, 1.000000 in Tol. ±0.00005 in"
MIP-DA-01,1,Calibración,3,3,Alto,2,6,2025-12-01,,Externa,"10.00 μL (Tol. ±0.16 µL), 50.00 μL (Tol. ±0.40 µL), 100.00 μL (Tol. ± 0.80 µL)"
MIP-DA-02,1,NA,NA,NA,NA,NA,NA,,No se ha añadido su primer certificado,NA,
MIP-DA-03,1,NA,NA,NA,NA,NA,NA,,"Baja: 02-Jul-25
vrodriguez 03-Jul-25. No se ha añadido su primer certificado",Externa,"1.000 mL (Tol. ±0.006 mL), 2.500 mL (Tol ±0.015 mL), 5.000 mL (Tol. ±0.025 mL)"
MIP-DA-04,1,Calibración,3,3,Alto,2,6,2025-11-01,,Externa,"100.00 µl, 500.00 µl, 1000.00 µl (Tol. ± 8.00 µl)"
MIP-DA-05,1,Calibración,3,3,Alto,2,6,2026-03-01,,Externa,"0.50000 ml, 2.50000 ml y 5.00000 ml Tol: ±0.01 ml"
MIP-DA-06,1,Calibración,3,3,Alto,2,6,2026-02-01,,Externa,"0.5000 mL (Tol±0.0120 mL), 2.5000 mL (Tol ±0.0300 mL), 5.0000 mL (Tol ±0.0300 mL)"
MIP-DA-07,1,NA,NA,NA,NA,2,NA,,No se ha añadido su primer certificado,NA,Baja: 25-Jun-24
MIP-DA-08,1,NA,NA,NA,NA,NA,NA,,No se ha añadido su primer certificado,NA,
MIP-DA-09,1,Calibración,3,3,Alto,1,12,2026-07-01,,Externa,"100.00 µl (Tol±3.00 µl), 500.00 µl ( Tol±5.00 µl), 1000.00 µl (Tol. ± 6.00 µl)"
MIP-DA-10,1,Calibración,3,3,Alto,1,12,2026-07-01,,Externa,"100.00 µl (Tol±3.00 µl), 500.00 µl ( Tol±5.00 µl), 1000.00 µl (Tol. ± 6.00 µl)"
MIP-DA-11,1,Calibración,3,3,Alto,2,6,2026-02-01,,Externa,"100.00 µl (Tol. ± 0.6 µl), 500.0 µl (Tol. ± 3.00 µl), 1000 µl (Tol. ± 6.00 µl)"
MIP-DA-12,1,Calibración,3,3,Alto,2,6,2026-02-01,,Externa,"100.00 µl (Tol. ± 0.6 µl), 500.0 µl (Tol. ± 3.00 µl), 1000 µl (Tol. ± 6.00 µl)"
MIP-LC-01,1,NA,NA,NA,NA,NA,NA,,No se ha añadido su primer certificado,NA,
MIP-LC-02,1,Calibración,3,3,Alto,2,6,2025-12-01,,Externa,"100.00 μL (Tol ±1.0 µL), 500.00 μL (Tol ±4.00 µL), 1000.00 μL (Tol ±6.00 µL)"
MIP-LC-03,1,NA,NA,NA,NA,NA,NA,,Baja: 05-Ago-24. No se ha añadido su primer certificado,NA,
MIP-LC-04,1,NA,3,3,Alto,2,6,2025-05-01,Baja: 06-May-25,Externa,"100.00 μL (Tol.± 1.60 µL), 500.00 μL (Tol±3.50 µL), 1000.00 μL (Tol. 6.00 µL)"
MIP-LC-05,1,Calibración,3,3,Alto,2,6,2025-10-01,,Externa,"1,000 µL (Tol. ± 6 µL), 2,500 µL (Tol. ±15 µL), 5,000 µL (Tol. ± 25 µL)"
MIP-LC-06,1,NA,NA,NA,NA,NA,NA,,No se ha añadido su primer certificado,NA,
MIP-LC-07,1,Calibración,3,3,Alto,2,6,2025-09-01,,Externa,"100.00 μL (Tol ±3 µL) , 500.00 μL(Tol ±10 µL), 1000.00 μL (Tol ± 15 µL)"
MIP-LC-08,1,Calibración,3,3,Alto,2,6,2025-11-01,,Externa,"1.0000 mL tol ± 0.0060 mL, 2.5000 mL Tol ± 0.0150 mL, 5.0000 mL Tol ± 0.0250 mL"
MIP-LC-09,1,Calibración,3,3,Alto,2,6,2025-12-01,,Externa,"50 μL (Tol.± 0.3 µL), 100 μL (Tol.± 0.6 µL), 200 μL (Tol.± 1.2 µL), 400 μL (Tol.± 2.4 µL), 600 μL (Tol.± 3.6 µL), 800 μL (Tol.± 4.8 µL), 1000 μL (Tol.± 6.0 µL)"
MIP-LC-10,1,Calibración,3,3,Alto,2,6,2026-02-01,,Externa,"0.5000 ml Tol ± 0.0400 ml, 5.0000 ml Tol ± 0.0400 ml"
MIP-LC-11,1,Calibración,3,3,Alto,2,6,2026-02-01,,Externa,"100.00 μL, 1 000.00  μL Tol ± 8.00 µL"
MIP-LC-12,1,Calibración,3,3,Alto,2,6,2026-02-01,,Externa,"10.0000 μL, 100.0000 μL tol ± 0.8000 µL"
MIP-LC-13,1,Calibración,3,3,Alto,1,12,2026-08-01,,Externa,"10.00 μL (Tol ±0.16 µL), 50.00 μL (Tol.±0.40 µL) 100.00 μL (Tol ±0.80 µL)."
MIP-MI-01,1,Calibración,3,3,Alto,2,6,2026-03-01,,Externa,"100.00  μL (Tol ±8 µL), 500.00  μL (Tol.±8 µL), 1000.00  μL (Tol.±8 µL)"
MIP-MI-02,1,Calibración,3,3,Alto,2,6,2025-10-01,,Externa,"100.00 μL (Tol. ±1 µL), 500.00 μL (Tol ±4.00 µL), 1000.00 μL (Tol.±6.0 µL)"
MUE-LC-01,1,Calibración,2,2,Medio,2,12,2026-09-01,,Externa,"Flujo de aire 100.0 LPM, 100.0 LPM, 100.0 LPM, 100.0 LPM Tol.±2.5 LPM"
MUE-LC-02,1,NA,NA,NA,NA,NA,NA,,No se ha añadido su primer certificado,NA,
MUL-DA-01,1,NA,NA,NA,NA,NA,NA,,No se ha añadido su primer certificado,NA,
MUL-DA-02,1,NA,NA,NA,NA,NA,NA,,No se ha añadido su primer certificado,NA,
MUL-DA-03,1,NA,NA,NA,NA,NA,NA,,No se ha añadido su primer certificado,NA,
MUL-LC-01,1,NA,NA,NA,NA,NA,NA,,No se ha añadido su primer certificado,NA,
MUL-LC-02,1,NA,NA,NA,NA,NA,NA,,No se ha añadido su primer certificado,NA,
MUL-LC-03,1,Calibración,2,2,Medio,2,12,2026-02-01,,Externa,"0.0 μS/cm tol ±0.1, 84.0 μS/cm tol ±8.0, 1413 μS/cm tol ±14.0 µS/cm"
MUT-MA-01,1,Calibración,1,1,Bajo,1,18,2026-04-01,LIMITADO: Solo usar hasta 2 MOhm,Externa,"Voltaje DC 200 mV (Tol. ±2.0), 2 V (Tol±0.018), 20 V (Tol±0.20),200 V (Tol.±2.40), 1000 V (Tol.±15.0), 
Voltaje AC @60 Hz 2 V (Tol.± 0.027), 20 V (Tol ±0.27), 20 0 V (Tol. ± 2.7), 750 V (Tol ±17), 
Corriente DC 2 mA (Tol.±0.031), 20 mA (Tol.±0.31), 200 mA (Tol.±3.1), 
Corriente AC@60Hz 200 mA (Tol± 3.8), 
Resistencia 200 Ohm (Tol ±2.08), 2 KOhm (Tol±0.028), 20 KOhm (Tol.±0.28), 200 KOhm (Tol±2.8), 2 MOhm (Tol. ±0.028), 20 MOhm (Tol. 0.34), 200 MOhm (Tol.±5.2),
 Capacitancia 20 nF (Tol±1.57), 20 mF (Tol.±1.57),
 Frecuencia @250V 2 kHz (Tol ±0.024), 
Temperatura -20°C (Tol±3.0), 0.0 (Tol±4.0), 100.0°C (Tol.±7.0), 300.0°C (Tol±13.0), 500.0°C (Tol±19.0), 800.0°C (Tol±28.0), 1000.0°C (Tol±34.0)."
NIV-VA-01,1,Calibración,1,1,Bajo,2,18,2027-03-01,,Externa,"10.0°, 30.0°C, 45.0°, 60.0°, 90.0° Tol (±0.1°)"
PAA-DA-01,1,NA,NA,NA,NA,NA,NA,,No se ha añadido su primer certificado,NA,
PAA-DA-02,1,NA,NA,NA,NA,NA,NA,,No se ha añadido su primer certificado,NA,
PAA-LC-01,1,NA,NA,NA,NA,NA,NA,,No se ha añadido su primer certificado,NA,
PAA-LC-02,1,NA,NA,NA,NA,NA,NA,,No se ha añadido su primer certificado,NA,
PAA-LC-03,1,NA,NA,NA,NA,NA,NA,,No se ha añadido su primer certificado,NA,
PAA-MI-01,1,NA,NA,NA,NA,NA,NA,,No se ha añadido su primer certificado,NA,
PAA-MI-02,1,NA,NA,NA,NA,NA,NA,,No se ha añadido su primer certificado,NA,
PAE-LC-01,1,NA,NA,NA,NA,NA,NA,,No se ha añadido su primer certificado,NA,
PAE-LC-02,1,NA,NA,NA,NA,NA,NA,,No se ha añadido su primer certificado,NA,
PAE-LC-03,1,NA,NA,NA,NA,NA,NA,,No se ha añadido su primer certificado,NA,
PES-VA-01,1,Calibración,2,3,Alto,1,12,2025-12-01,,Externa,5.00000 kg Tol (0.00050 kg)
PES-VA-02,1,Calibración,2,3,Alto,1,12,2025-12-01,,Externa,10.000 kg (Tol±0.012 kg)
PES-VA-03,1,Calibración,2,3,Alto,1,12,2025-12-01,,Externa,25.000 kg Tol±0.012 kg
PES-VA-04,1,NA,NA,NA,NA,NA,NA,,No se ha añadido su primer certificado,NA,
PES-VA-05,1,NA,NA,NA,NA,NA,NA,,No se ha añadido su primer certificado,NA,
PIR-PR-01,1,NA,NA,NA,NA,NA,NA,,No se ha añadido su primer certificado,NA,
PUN-DF-01,1,NA,NA,NA,NA,NA,NA,,No se ha añadido su primer certificado,NA,
PUN-DF-02,1,NA,NA,NA,NA,NA,NA,,No se ha añadido su primer certificado,NA,
PUN-DF-03,1,NA,NA,NA,NA,NA,NA,,No se ha añadido su primer certificado,NA,
PUN-DF-04,1,NA,NA,NA,NA,NA,NA,,No se ha añadido su primer certificado,NA,
PUR-LC-01,1,Calibración,2,2,Medio,2,12,2026-05-01,,En planta,"0.0 MΩ/cm (Tol±0.2), 0.9 MΩ/cm (Tol±0.2), 10.0 MΩ/cm (Tol±0.2), 18 MΩ/cm (Tol±0.2), Temperatura ambiente ±0.2°C."
REG-VA-01,1,Calibración,3,1,Medio,2,12,2025-11-01,,Externa,"-200.00°C, -100.00°C, 0.00°C, 100.00°C, 300.00°C, 600.00°C, 900.00°C, 1200.00°C, 1370.00°C Tol±2.10,1.05,1.00,1.05,1.15,1.30,1.45,1.60,1.69 (10 puntos)"
REG-VA-02,1,Calibración,1,2,Bajo,2,18,2026-01-01,,Externa,"-20.00°C, 0.00°C, 10.00°C, 30.00°C, 60.00°C,125.00°C Tol±0.20°C"
REG-VA-03,1,Calibración,1,2,Bajo,2,18,2026-08-01,,Externa,"-20.00°C, 0.00°C, 10.00°C, 30.00°C, 60.00°C,125.00°C Tol±0.20°C"
SEN-DA-01,1,Calibración,3,2,Alto,2,6,2026-02-01,,En planta,"950 mbar, 15 mbar Tol ± 2.00mbar"
SEN-FR-01,1,Calibración,3,2,Alto,2,6,2025-12-01,,En planta,0 a 80°C Tol. ± 4°C
SEN-FR-02,1,Calibración,3,2,Alto,2,6,2025-12-01,,En planta,0 a 80°C Tol ±2°C
SEN-FR-03,1,Calibración,3,2,Alto,2,6,2025-12-01,,En planta,0 a 80°C Tol ±1°C
SEN-MI-01,1,Calibración,3,3,Alto,1,12,2026-07-01,,En planta,Tres puntos 5.0°C Tol ± 3.0°C
SEN-VA-01,1,Calibración,2,3,Alto,1,12,2025-12-01,,Externa,"Punto de rocio -63.67°C (Tol.±3.0°C),-40.00°C, -19.54°C (Tol.±1.00°C), 4.71°C (Tol.±1.00°C), Temperatura 27.42°C (Tol.±0.21°C), 18.05°C(Tol±0.21°C), 16.92 (Tol±0.21°C), Humedad 35.00%, 55.00%, 75.00% (Tolerancia establecida por el proveedor)."
SMI-FR-01,1,Calibración,3,2,Alto,3,6,2026-02-01,,En planta,"1.0s, 2.0s, 9.0s ± 0.2s"
SON-DA-01,1,NA,NA,NA,NA,NA,NA,,Baja: 09-Abr-21. No se ha añadido su primer certificado,NA,
SON-LC-01,1,NA,NA,NA,NA,NA,NA,,Baja: 17-Ago-21. No se ha añadido su primer certificado,NA,
SON-LC-02,1,NA,NA,NA,NA,NA,NA,,Baja: 18-Ago-21. No se ha añadido su primer certificado,NA,
SON-LC-03,1,NA,NA,NA,NA,NA,NA,,No se ha añadido su primer certificado,NA,
TAC-CP-01,1,Calibración,2,3,Alto,1,12,2025-10-01,Limitado: Usar solo el modo sin contacto.,Externa,"10.000 rpm (Tol±0.102 rpm), 100.00 rpm (Tol±1.02 rpm), 1000.0 rpm (Tol±10.2 rpm), 5000.0 rpm (Tol±50.2 rpm), 10000 rpm (Tol±102 rpm), 15000 rpm (Tol±152 rpm), 20000 rpm (Tol±202 rpm)"
TAC-VA-01,1,Calibración,1,1,Bajo,1,18,2027-03-01,,Externa,"10.0 rpm, 20.0 rpm, 50.0 rpm, 100.0 rpm, 200.0 rpm, 300.0 rpm, 500.00 rpm, 900.0 rpm, 1800.0 rpm, 3600.0 rpm, 7200.0 rpm Tol±1.0 rpm"
TEB-CP-01,1,Calibración,3,3,Alto,2,6,2026-03-01,,En planta,"0.000 g, 1.000 g, 5.000 g, 10.000 g, 20.000 g, 30.000 g, 40.000 g Tol± 0.002 g, Temperatura: 100.0°C, 150.0°C, 190.0°C Tol±1.0°C"
TED-LC-01,1,Calibración,2,3,Alto,1,12,2025-11-01,,Externa,"-200.0°C, -100.0°C, 0.0°C, 100.0°C, 200.0°C(Tol±0.4°C), 400.0°C (Tol±0.5°C), 800.0°C (Tol±0.7°C) 1200.0°C(Tol.±1.0°C), 1372.0°C (Tol±1.0°C)"
TEM-DA-01,1,Calibración,3,3,Alto,1,12,2026-09-01,,Externa,"-20.0°C, 0.0°C, 25.0°C, 37.0°C, 50.0°C, 100.0°C, 125.0°C Tol±1.0°C"
TEM-DA-02,1,Calibración,2,3,Alto,1,12,2026-07-01,,Externa,"0.0°C, 25.0°C, 37.0°C, 50.0°C, 100.0°C Tol. ± 0.1°C"
TEM-DF-01,1,NA,NA,NA,NA,NA,NA,,No se ha añadido su primer certificado,NA,"0°C, 10°C, 20°C, 40.0°C, 50.0°C Tol. ±1°C"
TEM-DF-02,1,Calibración,2,3,Alto,1,12,2026-08-01,,Externa,"0°C, 10°C, 20°C, 40.0°C, 50.0°C Tol. ±1°C"
TEM-LC-01,1,NA,NA,NA,NA,NA,NA,,No se ha añadido su primer certificado,NA,
TEM-LC-02,1,NA,NA,NA,NA,NA,NA,,No se ha añadido su primer certificado,NA,
TEM-LC-03,1,Calibración,2,3,Alto,1,12,2026-03-01,,Externa,"50.0.0°C, 100.0°C, 120.0°C, 150.0°C, 200.0°C, 245.0°C Tol ±1.0°C"
TEM-LC-04,1,NA,NA,NA,NA,NA,NA,,No se ha añadido su primer certificado,NA,
TEM-LC-05,1,NA,NA,NA,NA,NA,NA,,No se ha añadido su primer certificado,NA,
TEM-LC-06,1,Calibración,2,3,Alto,1,12,2026-03-01,,Externa,"-20.0°C, 0.0°C, 25.0°C, 37.0°C, 50.0°C, 100.0°C, 125.0°C, 150.0°C, 200.0°C, 245.0°C Tol±1.0°C"
TEM-LC-07,1,NA,NA,NA,NA,NA,NA,,No se ha añadido su primer certificado,NA,
TEM-LC-08,1,Calibración,2,3,Alto,1,12,2026-03-01,,Externa,"-20.0°C, 0.0°C, 25.0°C, 37.0°C, 50.0°C, 100.0°C, 125.0°C, 150.0°C, 200.0°C, 245.0°C Tol±1.0°C"
TEM-LC-09,1,Calibración,2,3,Alto,1,12,2026-03-01,,Externa,"-20.0°C, 0.0°C, 25.0°C, 37.0°C, 50.0°C, 100.0°C, 125.0°C, 150.0°C, 200.0°C, 245.0°C Tol±1.0°C"
TEM-LC-10,1,Calibración,2,3,Alto,1,12,2025-11-01,,Externa,"-20.0°C, 0.0°C, 25.0°C, 37.0°C, 50.0°C, 100.0°C, 125.0°C, 150.0°C, 200.0°C, 245.0°C Tol±1.0°C"
TEM-LC-11,1,Calibración,2,3,Alto,1,12,2025-11-01,,Externa,"-20.0°C, 0.0°C, 25.0°C, 37.0°C, 50.0°C, 100.0°C, 125.0°C, 150.0°C, 200.0°C, 245.0°C Tol±1.0°C"
TEM-LC-12,1,Calibración,2,3,Alto,1,12,2025-11-01,,Externa,"-20.0°C, 0.0°C, 25.0°C, 37.0°C, 50.0°C, 100.0°C, 125.0°C, 150.0°C, 200.0°C, 245.0°C Tol±1.0°C"
TEM-LC-13,1,Calibración,2,3,Alto,1,12,2025-11-01,,Externa,"-20.0°C, 0.0°C, 25.0°C, 37.0°C, 50.0°C, 100.0°C, 125.0°C, 150.0°C, 200.0°C, 245.0°C Tol±1.0°C"
TEM-LC-14,1,Calibración,2,3,Alto,1,12,2026-02-01,,Externa,"-20.0°C, 0.0°C, 25.0°C, 37.0°C, 50.0°C, 100.0°C, 125.0°C, 150.0°C, 200.0°C, 245.0°C Tol±1.0°C"
TEM-LC-15,1,Calibración,2,3,Alto,1,12,2026-05-01,,Externa,"-20.0°C, 0.0°C, 50.0°C, 100.0°C, 150.0°C, 200.0°C, 250.0°C Tol±1.0°C"
TEP-AL-01,1,NA,NA,NA,NA,NA,NA,,No se ha añadido su primer certificado,NA,
TEP-AL-02,1,NA,NA,NA,NA,NA,NA,,No se ha añadido su primer certificado,NA,
TEP-AL-03,1,NA,NA,NA,NA,NA,NA,,No se ha añadido su primer certificado,NA,
TEP-AL-04,1,NA,NA,NA,NA,NA,NA,,No se ha añadido su primer certificado,NA,
TEP-MA-01,1,NA,NA,NA,NA,NA,NA,,No se ha añadido su primer certificado,NA,
TEP-MA-02,1,Calibración,2,3,Alto,1,12,2026-09-01,Solo usar para medir temperatura,En planta + Mantenimiento,18°C Tol±2.0°C
TEP-MA-03,1,Calibración,2,3,Alto,1,12,2026-07-01,,En planta + Mantenimiento,Tres puntos 21.5°C Tol±3.0°C
TEP-MA-04,1,NA,NA,NA,NA,NA,NA,,No se ha añadido su primer certificado,NA,
TEP-MA-05,1,Calibración,2,3,Alto,1,12,2026-05-01,,En planta + Mantenimiento,Punto fijo 22.5°C Tol±3.0°C
TEP-MA-06,1,Calibración,2,3,Alto,1,12,2026-06-01,,En planta + Mantenimiento,Punto fijo 21.5°C Tol±3.0°C
TEP-MA-07,1,Calibración,2,3,Alto,1,12,2026-06-01,,En planta + Mantenimiento,Punto fijo 21.5°C Tol±3.0°C
TEP-MA-08,1,Calibración,2,3,Alto,1,12,2026-02-01,,En planta + Mantenimiento,Punto fijo: 21.5°C Tol. ± 3.0°C
TEP-MA-09,1,NA,NA,NA,NA,NA,NA,,No se ha añadido su primer certificado,NA,
TER-AL-01,1,Calibración,2,3,Alto,1,12,2025-12-01,,Externa,"-8.0°C, 0.0°C, 20.0°C, 40.0°C, 55.0°C Tol ±1.0°C, 15.0%, 30.0%, 60.0%, 80.0% Tol ±6.0%"
TER-AL-02,1,Calibración,2,3,Alto,1,12,2025-10-01,,Externa,"-8.0°C, 0.0°C, 20.0°C, 40.0°C, 55.0°C Tol ±1.0°C, 15.0%,30.0%, 60.0%, 80.0% Tol ±6.0%"
TER-AL-03,1,Calibración,2,3,Alto,2,6,2025-11-01,,Externa,"-8.0°C, 0.0°C, 20.0°C, 40.0°C ± 1.0°C, 15%, 30%, 60% Tol ± 6%"
TER-AL-04,1,Calibración,2,3,Alto,2,6,2025-11-01,,Externa,"-8.0°C, 0.0°C, 20.0°C, 40.0°C ± 1.0°C, 15%, 30%, 60% Tol ± 6%"
TER-AL-05,1,Calibración,2,3,Alto,2,6,2025-11-01,,Externa,"-8.0°C, 0.0°C, 20.0°C, 40.0°C ± 1.0°C, 15%, 30%, 60% Tol ± 6%"
TER-AL-06,1,NA,NA,NA,NA,NA,NA,,Se enviará a calibrar cuando se requiera. No se ha añadido su primer certificado,NA,
TER-CP-01,1,NA,NA,NA,NA,NA,NA,,Baja: 30-Sep-22. No se ha añadido su primer certificado,NA,
TER-CP-02,1,Calibración,2,3,Alto,1,12,2025-11-01,Solo usar para medir temperatura,Externa,"-8.0°C, 0.0°C, 20.0°C, 40.0°C, 55.0°C Tol ±1.0°C"
TER-CP-03,1,Calibración,2,3,Alto,1,12,2026-07-01,,Externa,"-8.0°C, 20.0°C, 40.0°C, 55.0°C Tol ±1.0°C, 15.0%,30.0%, 60.0%, 80.0% Tol ±6.0%"
TER-CP-04,1,Calibración,2,3,Alto,1,12,2025-10-01,,Externa,"-8.0°C, 0.0°C, 20.0°C, 40.0°C, 55.0°C Tol ±1.0°C, 15.0%,30.0%, 60.0%, 80.0% Tol ±6.0%"
TER-CP-05,1,Calibración,2,3,Alto,1,12,2025-10-01,,Externa,"-8.0°C, 0.0°C, 20.0°C, 40.0°C, 55.0°C Tol ±1.0°C, 15.0%,30.0%, 60.0%, 80.0% Tol ±6.0%"
TER-CP-06,1,Calibración,2,3,Alto,1,12,2025-11-01,,Externa,"-8.0°C, 0.0°C, 20.0°C, 40.0°C, 55.0°C Tol ±1.0°C, 15.0%,30.0%, 60.0%, 80.0% Tol ±6.0%"
TER-DF-01,1,Calibración,3,2,Alto,1,12,2026-07-01,,Externa,"-8.0°C, 0.0°C, 20.0°C, 40.0°C, 55.0°C Tol ±1.0°C, 15.0%,30.0%, 60.0%, 80.0% Tol ±6.0%"
TER-FR-36,1,Calibración,2,3,Alto,1,12,2026-09-01,,Externa,"-8.0°C, 0.0°C, 20.0°C, 40.0°C, 55.0°C Tol ±1.0°C, 15.0%,30.0%, 60.0%, 80.0% Tol ±6.0%"
TER-FR-37,1,Calibración,3,3,Alto,1,12,2026-02-01,,Externa,"-8.0°C, 0.0°C, 20.0°C, 40.0°C, 55.0°C Tol ±1.0°C, 15.0%,30.0%, 60.0%, 80.0% Tol ±6.0%"
TER-FR-38,1,Calibración,3,3,Alto,1,12,2026-02-01,,Externa,"-8.0°C, 0.0°C, 20.0°C, 40.0°C, 55.0°C Tol ±1.0°C, 15.0%,30.0%, 60.0%, 80.0% Tol ±6.0%"
TER-FR-39,1,Calibración,3,3,Alto,1,12,2025-12-01,,Externa,"Temperatura: -8.0°C, 0.0°C, 18.0°C, 25.0°C, 40.0°C, 55.0°C Tol ±1.0°C
Humedad relativa: 15.0%, 30.0%, 65.0%, 80.0% Tol ±6.0%"
TER-FR-40,1,Calibración,3,3,Alto,1,12,2025-12-01,,Externa,"Temperatura: -8.0°C, 0.0°C, 18.0°C, 25.0°C, 40.0°C, 55.0°C Tol ±1.0°C
Humedad relativa: 15.0%, 30.0%, 65.0%, 80.0% Tol ±6.0%"
TER-FR-41,1,Calibración,3,3,Alto,1,12,2025-12-01,,Externa,"Temperatura: -8.0°C, 0.0°C, 18.0°C, 25.0°C, 40.0°C, 55.0°C Tol ±1.0°C
Humedad relativa: 15.0%, 30.0%, 65.0%, 80.0% Tol ±6.0%"
TER-FR-42,1,Calibración,3,3,Alto,1,12,2025-12-01,,Externa,"Temperatura: -8.0°C, 0.0°C, 18.0°C, 25.0°C, 40.0°C, 55.0°C Tol ±1.0°C
Humedad relativa: 15.0%, 30.0%, 65.0%, 80.0% Tol ±6.0%"
TER-LC-01,1,Calibración,2,3,Alto,1,12,2025-11-01,,Externa,"-8.0°C, 0.0°C, 20.0°C, 40.0°C, 55.0°C Tol ±1.0°C, 15.0%,30.0%, 60.0%, 80.0% Tol ±6.0%"
TER-LC-02,1,Calibración,2,3,Alto,1,12,2025-11-01,,Externa,"-8.0°C, 0.0°C, 20.0°C, 40.0°C, 55.0°C Tol ±1.0°C, 15.0%,30.0%, 60.0%, 80.0% Tol ±6.0%"
TER-LC-03,1,Calibración,2,3,Alto,1,12,2025-10-01,,Externa,"-8.0°C, 0.0°C, 20.0°C, 40.0°C, 55.0°C Tol ±1.0°C, 15.0%,30.0%, 60.0%, 80.0% Tol ±6.0%"
TER-LC-04,1,Calibración,2,3,Alto,1,12,2025-12-01,Limitado para temperatura,Externa,"-8.0°C, 0.0°C, 20.0°C, 40.0°C, 55.0°C Tol ±1.0°C"
TER-LC-05,1,Calibración,2,3,Alto,1,12,2025-10-01,,Externa,"-8.0°C, 0.0°C, 20.0°C, 40.0°C, 55.0°C Tol ±1.0°C, 15.0%,30.0%, 60.0%, 80.0% Tol ±6.0%"
TER-LC-06,1,NA,NA,NA,NA,NA,NA,,CC-23-271. No se ha añadido su primer certificado,NA,
TER-LC-07,1,NA,NA,NA,NA,NA,NA,,No se ha añadido su primer certificado,NA,
TER-LC-08,1,Calibración,2,3,Alto,1,12,2025-10-01,,Externa,"-8.0°C, 0.0°C, 20.0°C, 40.0°C, 55.0°C Tol ±1.0°C, 15.0%,30.0%, 60.0%, 80.0% Tol ±6.0%"
TER-LC-10,1,NA,NA,NA,NA,NA,NA,,No se ha añadido su primer certificado,NA,
TER-LC-11,1,Calibración,2,3,Alto,1,12,2025-10-01,,Externa,"-8.0°C, 0.0°C, 20.0°C, 40.0°C, 55.0°C Tol ±1.0°C, 15.0%,30.0%, 60.0%, 80.0% Tol ±6.0%"
TER-LC-12,1,Calibración,2,3,Alto,1,12,2025-12-01,Solo usar para medir temperatura,Externa,"-8.0°C, 0.0°C, 20.0°C, 40.0°C, 55.0°C Tol ±1.0°C"
TER-LC-14,1,NA,NA,NA,NA,NA,NA,,No se ha añadido su primer certificado,NA,
TER-LC-15,1,Calibración,2,3,Alto,1,12,2025-10-01,,Externa,"-8.0°C, 0.0°C, 20.0°C, 40.0°C, 55.0°C Tol ±1.0°C, 15.0%,30.0%, 60.0%, 80.0% Tol ±6.0%"
TER-LC-16,1,Calibración,2,3,Alto,1,12,2026-02-01,,Externa,"-8.0°C, 0.0°C, 20.0°C, 40.0°C, 55.0°C Tol ±1.0°C, 15.0%,30.0%, 60.0%, 80.0% Tol ±6.0%"
TER-LC-17,1,Calibración,2,3,Alto,1,12,2026-05-01,,Externa,"20.0°C, 40.0°C, 45.0°C Tol ±1.0°C"
TER-LC-18,1,NA,NA,NA,NA,NA,NA,,No se ha añadido su primer certificado,NA,
TER-LC-19,1,Calibración,3,3,Alto,1,12,,El instrumento se mandará a calibrar cuando se requiera su uso. No se ha añadido su primer certificado,Externa,"-40°C, -30°C, -20°C, -10°C, 0.0°C, 8°C ± 1.0°C.
10%, 20%, 30%, 40%, 50%, 60%, 70%, 80%, 99% Tol 5.0%"
TER-LC-20,1,Calibración,3,3,Alto,1,12,2026-05-01,,Externa,"-8.0°C, 0.0°C, 20.0°C, 40.0°C, 55.0°C, Tol ± 1.0°C
15%, 30%, 60%, 80% Tol 6.0%."
TER-LC-21,1,Calibración,3,3,Alto,1,12,2026-05-01,,Externa,"-8.0°C, 0.0°C, 20.0°C, 40.0°C, 55.0°C, Tol ± 1.0°C
15%, 30%, 60%, 80% Tol 6.0%."
TER-LC-22,1,Calibración,2,3,Alto,2,6,2025-12-01,,Externa,"0.0°C, 20.0°C, 40.0°C, 55°C Tol ± 1.0°C
15%, 30%, 60%, 80% HR ±Tol 6%"
TER-LC-23,1,Calibración,2,3,Alto,2,6,2025-12-01,,Externa,"0.0°C, 20.0°C, 40.0°C, 55.0°C Tol ± 1.0°C
15%, 30%, 60%, 80% Tol ± 6%"
TER-LC-24,1,Calibración,2,3,Alto,2,6,2026-02-01,,Externa,"Temperatura In, 0.0°C, 20.0°C, 40.0°C, 50.0°C Tol ± 1.0°C.
Temperatura Out  -25.0°C, -15.0°C, -10.0°C, -0.0°C Tol ± 1.0°C
Humedad In 15%, 30%, 60%, 80% Tol ± 6%"
TER-LC-25,1,NA,NA,NA,NA,NA,NA,,Se calibrará cuando sea necesario. No se ha añadido su primer certificado,NA,
TER-LC-26,1,Calibración,2,3,Alto,2,6,2026-02-01,,Externa,"Temperatura  0.0ºC, 20.0ºC, 40.0ºC, 55ºC Tol ± 1.0
Humedad 15%, 30%, 60%, 80% Tol ±6%"
TER-LO-01,1,NA,NA,NA,NA,NA,NA,,No se ha añadido su primer certificado,NA,
TER-LO-02,1,Calibración,2,3,Alto,2,6,2026-02-01,,Externa,"20.0°C, 30.0°C, 40.0°C Tol ± 1.0°C"
TER-PR-01,1,NA,NA,NA,NA,NA,NA,,Baja 09-Ene-19. No se ha añadido su primer certificado,NA,
TER-PR-03,1,NA,NA,NA,NA,NA,NA,,Baja 07-Sep-18. No se ha añadido su primer certificado,NA,
TER-PR-04,1,Calibración,2,3,Alto,1,12,2025-10-01,,Externa,"-8.0°C, 0.0°C, 20.0°C, 40.0°C, 55.0°C Tol ±1.0°C, 15.0%,30.0%, 60.0%, 80.0% Tol ±6.0%"
TER-PR-05,1,NA,NA,NA,NA,NA,NA,,Baja: 15-Abr-21. No se ha añadido su primer certificado,NA,
TER-PR-06,1,Calibración,2,3,Alto,1,12,2025-12-01,Limitado para temperatura,Externa,"-8.0°C, 0.0°C, 20.0°C, 40.0°C, 55.0°C Tol ±1.0°C"
TER-PR-08,1,NA,NA,NA,NA,NA,NA,,Baja: 15-Abr-21. No se ha añadido su primer certificado,NA,
TER-PR-10,1,NA,NA,NA,NA,NA,NA,,Baja: 18-Oct-21. No se ha añadido su primer certificado,NA,
TER-PR-11,1,NA,NA,NA,NA,NA,NA,,Baja: 14-May-19. No se ha añadido su primer certificado,NA,
TER-PR-12,1,NA,NA,NA,NA,NA,NA,,No se ha añadido su primer certificado,NA,
TER-PR-13,1,Calibración,2,3,Alto,1,12,2025-12-01,,Externa,"-8.0°C, 0.0°C, 20.0°C, 40.0°C, 55.0°C Tol ±1.0°C, 15.0%,30.0%, 60.0%, 80.0% Tol ±6.0%"
TER-PR-14,1,NA,NA,NA,NA,NA,NA,,No se ha añadido su primer certificado,NA,
TER-PR-15,1,NA,NA,NA,NA,NA,NA,,Usar solo para medir temperatura. No se ha añadido su primer certificado,NA,"20.0°C, 30.0°C, 40.0°C Tol ±1.0°C"
TER-PR-16,1,NA,NA,NA,NA,NA,NA,,Baja 06-Dic-22. No se ha añadido su primer certificado,NA,
TER-PR-17,1,NA,NA,NA,NA,NA,NA,,Baja: 07-Sep-18. No se ha añadido su primer certificado,NA,
TER-PR-18,1,Calibración,2,3,Alto,1,12,2025-11-01,,Externa,"-8.0°C, 0.0°C, 20.0°C, 40.0°C, 55.0°C Tol ±1.0°C, 15.0%,30.0%, 60.0%, 80.0% Tol ±6.0%"
TER-PR-19,1,NA,NA,NA,NA,NA,NA,,No se ha añadido su primer certificado,NA,
TER-PR-20,1,NA,NA,NA,NA,NA,NA,,No se ha añadido su primer certificado,NA,
TER-PR-21,1,Calibración,2,3,Alto,1,12,2025-10-01,Solo usar para medir temperatura,Externa,"-8.0°C, 0.0°C, 20.0°C, 40.0°C, 55.0°C Tol ±1.0°C"
TER-PR-24,1,NA,NA,NA,NA,NA,NA,,Baja: 07-Sep-18. No se ha añadido su primer certificado,NA,
TER-PR-25,1,Calibración,2,3,Alto,1,12,2025-12-01,Solo usar para medir temperatura,Externa,"-8.0°C, 0.0°C, 20.0°C, 40.0°C, 55.0°C Tol ±1.0°C"
TER-PR-26,1,NA,NA,NA,NA,NA,NA,,No se ha añadido su primer certificado,NA,
TER-PR-27,1,NA,NA,NA,NA,NA,NA,,No se ha añadido su primer certificado,NA,
TER-PR-28,1,NA,NA,NA,NA,NA,NA,,No se ha añadido su primer certificado,NA,
TER-PR-29,1,NA,NA,NA,NA,NA,NA,,Baja: 01-Ago-19. No se ha añadido su primer certificado,NA,
TER-PR-30,1,NA,NA,NA,NA,NA,NA,,Baja: 01-Ago-19. No se ha añadido su primer certificado,NA,
TER-PR-31,1,NA,NA,NA,NA,NA,NA,,Baja: 01-Ago-19. No se ha añadido su primer certificado,NA,
TER-PR-32,1,NA,NA,NA,NA,NA,NA,,Baja: 01-Ago-19. No se ha añadido su primer certificado,NA,
TER-PR-33,1,Calibración,2,3,Alto,1,12,2023-09-01,"Se encuentra en validación, se calibrará cuando se requiera.",Externa,
TER-PR-34,1,Calibración,2,3,Alto,1,12,2026-09-01,Limitado: Solo usar en temperatura,Externa,"-8.0°C, 0.0°C, 20.0°C, 40.0°C, 55.0°C Tol ±1.0°C"
TER-PR-35,1,Calibración,2,3,Alto,1,12,2026-09-01,,Externa,"-8.0°C, 0.0°C, 20.0°C, 40.0°C, 55.0°C Tol ±1.0°C, 15.0%,30.0%, 60.0%, 80.0% Tol ±6.0%"
TER-SC-01,1,Calibración,2,2,Medio,2,12,2025-11-01,,Externa,"-8.0°C, 0.0°C, 20.0°C, 40.0°C, 55.0°C Tol ±1.0°C, 15.0%,30.0%, 60.0%, 80.0% Tol ±6.0%"
TER-VA-02,1,Calibración,2,2,Medio,2,12,2025-12-01,Solo usar para medir temperatura,Externa,"-8.0°C, 0.0°C, 20.0°C, 40.0°C, 55.0°C Tol ±1.0°C"
TER-VA-03,1,Calibración,2,2,Medio,2,12,2025-11-01,,Externa,"-8.0°C, 0.0°C, 20.0°C, 40.0°C, 55.0°C Tol ±1.0°C, 15.0%,30.0%, 60.0%, 80.0% Tol ±6.0%"
TER-VA-04,1,Calibración,2,2,Medio,2,12,2025-11-01,,Externa,"-8.0°C, 0.0°C, 20.0°C, 40.0°C, 55.0°C Tol ±1.0°C, 15.0%,30.0%, 60.0%, 80.0% Tol ±6.0%"
TER-VA-05,1,Calibración,2,2,Medio,2,12,2026-09-01,Limitado: Solo usar en temperatura.,Externa,"-8.0°C, 0.0°C, 20.0°C, 40.0°C, 55.0°C Tol ±1.0°C"
TER-VA-06,1,Calibración,2,2,Medio,2,12,2025-11-01,Solo usar para medir temperatura,Externa,"-8.0°C, 0.0°C, 20.0°C, 40.0°C, 55.0°C Tol ±1.0°C"
TER-VA-07,1,Calibración,2,2,Medio,2,12,2025-11-01,,Externa,"-8.0°C, 0.0°C, 20.0°C, 40.0°C, 55.0°C Tol ±1.0°C, 15.0%,30.0%, 60.0%, 80.0% Tol ±6.0%"
TER-VA-08,1,NA,NA,NA,NA,NA,NA,,No se ha añadido su primer certificado,NA,
TER-VA-09,1,Calibración,2,2,Medio,2,12,2025-12-01,Limitado para temperatura,Externa,"-8.0°C, 0.0°C, 20.0°C, 40.0°C, 55.0°C Tol ±1.0°C"
TER-VA-10,1,Calibración,2,2,Medio,2,12,2025-12-01,,Externa,"-8.0°C, 0.0°C, 20.0°C, 40.0°C, 55.0°C Tol ±1.0°C, 15.0%,30.0%, 60.0%, 80.0% Tol ±6.0%"
TER-VA-11,1,Calibración,2,2,Medio,2,12,2025-12-01,,Externa,"-8.0°C, 0.0°C, 20.0°C, 40.0°C, 55.0°C Tol ±1.0°C, 15.0%,30.0%, 60.0%, 80.0% Tol ±6.0%"
TER-VA-12,1,NA,NA,NA,NA,NA,NA,,No se ha añadido su primer certificado,NA,
TER-VA-13,1,NA,NA,NA,NA,NA,NA,,"Se encuentra en validación, se calibrará cuando se requiera.. No se ha añadido su primer certificado",Externa,
TER-VA-14,1,Calibración,2,2,Medio,2,12,2025-12-01,,Externa,"-8.0°C, 0.0°C, 20.0°C, 40.0°C, 55.0°C Tol ±1.0°C, 15.0%,30.0%, 60.0%, 80.0% Tol ±6.0%"
TER-VA-15,1,NA,NA,NA,NA,NA,NA,,Fallo de bateria.. No se ha añadido su primer certificado,NA,
TER-VA-16,1,NA,NA,NA,NA,NA,NA,,"Rechazado, se da de baja el 20-Ene-22.. No se ha añadido su primer certificado",NA,
TER-VA-17,1,Calibración,2,2,Medio,2,12,2025-12-01,Solo usar para medir temperatura,Externa,"-8.0°C, 0.0°C, 20.0°C, 40.0°C, 55.0°C Tol ±1.0°C"
TER-VA-18,1,Calibración,2,2,Medio,2,12,2025-12-01,,Externa,"-8.0°C, 0.0°C, 20.0°C, 40.0°C, 55.0°C Tol ±1.0°C, 15.0%,30.0%, 60.0%, 80.0% Tol ±6.0%"
TER-VA-19,1,Calibración,2,2,Medio,2,12,2026-07-01,,Externa,"-8.0°C, 20.0°C, 40.0°C, 55.0°C Tol ±1.0°C, 15.0%,30.0%, 60.0%, 80.0% Tol ±6.0%"
TER-VA-20,1,Calibración,2,2,Medio,2,12,2026-07-01,,Externa,"-8.0°C, 20.0°C, 40.0°C, 55.0°C Tol ±1.0°C, 15.0%,30.0%, 60.0%, 80.0% Tol ±6.0%"
TER-VA-21,1,Calibración,2,2,Medio,2,12,2026-07-01,,Externa,"-8.0°C, 20.0°C, 40.0°C, 55.0°C Tol ±1.0°C, 15.0%,30.0%, 60.0%, 80.0% Tol ±6.0%"
TER-VA-22,1,Calibración,2,2,Medio,2,12,2026-07-01,,Externa,"-8.0°C, 20.0°C, 40.0°C, 55.0°C Tol ±1.0°C, 15.0%,30.0%, 60.0%, 80.0% Tol ±6.0%"
TER-VA-23,1,Calibración,2,2,Medio,2,12,2026-07-01,,Externa,"-8.0°C, 20.0°C, 40.0°C, 55.0°C Tol ±1.0°C, 15.0%,30.0%, 60.0%, 80.0% Tol ±6.0%"
TER-VA-24,1,Calibración,2,2,Medio,2,12,2026-07-01,,Externa,"-8.0°C, 20.0°C, 40.0°C, 55.0°C Tol ±1.0°C, 15.0%,30.0%, 60.0%, 80.0% Tol ±6.0%"
TER-VA-25,1,Calibración,2,2,Medio,2,12,2026-07-01,Limitado para termperatura,Externa,"-8.0°C, 20.0°C, 40.0°C, 55.0°C Tol ±1.0°C"
TER-VA-26,1,Calibración,2,2,Medio,2,12,2026-07-01,,Externa,"-8.0°C, 20.0°C, 40.0°C, 55.0°C Tol ±1.0°C, 15.0%,30.0%, 60.0%, 80.0% Tol ±6.0%"
TER-VA-27,1,Calibración,2,2,Medio,2,12,2026-07-01,,Externa,"-8.0°C, 20.0°C, 40.0°C, 55.0°C Tol ±1.0°C, 15.0%,30.0%, 60.0%, 80.0% Tol ±6.0%"
TER-VA-28,1,Calibración,2,2,Medio,2,12,2026-07-01,,Externa,"-8.0°C, 20.0°C, 40.0°C, 55.0°C Tol ±1.0°C, 15.0%,30.0%, 60.0%, 80.0% Tol ±6.0%"
TER-VA-29,1,Calibración,2,1,Bajo,2,18,2027-01-01,,Externa,"Temperatura In, 0.0°C, 20.0°C, 40.0°C, 50.0°C Tol ± 1.0°C.
Temperatura Out (sonda) -25.0°C, -15.0°C, -10.0°C, 0.0°C Tol ± 1.0°C.
Humedad In 15%, 30%, 60%, 80% Tol ± 6%."
TIR-DF-01,1,Calibración,2,3,Alto,1,12,2026-07-01,,Externa,"0.00°C (Tol ±1.5°C), 25.00°C (Tol ±1.5°C), 50.00°C (Tol ±1.5°C), 75.00°C (Tol ±1.5°C), 100.00°C (Tol ±1.5°C), 250.0°C (Tol ±3.5°C), 500.00°C(Tol ±3.5°C)"
TIR-FR-01,1,Calibración,2,3,Alto,1,12,2026-08-01,,Externa,"0.0°C, 25.0°C, 50.0°C, 75.0°C, 100.0°C Tol ± 1.5°C
 250°C, 500°C Tol ± 3.5°C."
TIR-LC-01,1,NA,NA,NA,NA,NA,NA,,No se ha añadido su primer certificado,NA,
TIR-PR-02,1,NA,NA,NA,NA,NA,NA,,No se ha añadido su primer certificado,NA,
TMB-DF-01,1,Calibración,3,2,Alto,1,12,2026-05-01,,En planta,25 rpm Tol. ± 1 rpm
TMB-GC-01,1,Calibración,2,2,Medio,2,12,2026-03-01,,En planta,Velocidad @ 3.0 min 25 rpm
TPR-FR-01,1,Calibración,3,3,Alto,1,12,2026-05-01,,En planta,"2 min, 3 min, 10min, 15 min, 20 min Toleancia ±0.0160 min"
TRK-LC-01,1,NA,NA,NA,NA,NA,NA,,No se ha añadido su primer certificado,NA,
TRK-LC-02,1,Calibración,2,3,Alto,1,12,2025-12-01,,Externa,"18.0°C (Tol±2.2°C), 50.0°C (Tol±2.2°C), 100.0°C(Tol±2.2°C), 150°C (Tol±2.2°C), 200.0°C (Tol±2.2°C), 300.00°C (Tol±2.5°C), 400.00°C (Tol.± 3.0°C), 500.00°C (Tol.±3.75°C)"
TRK-LC-03,1,Calibración,2,2,Medio,2,12,2025-12-01,,Externa,"0.0°C, 1.0°C, 25.0°C, 50.0°C, 75.0°C, 90.0°C Tol ±0.3°C"
TRK-LC-04,1,NA,NA,NA,NA,NA,NA,,No se ha añadido su primer certificado,NA,
TRK-MI-01,1,NA,NA,NA,NA,NA,NA,,No se ha añadido su primer certificado,NA,
TRK-PR-01,1,NA,NA,NA,NA,NA,NA,,Baja el 17-Ene-23. No se ha añadido su primer certificado,NA,
TRK-PR-02,1,NA,NA,NA,NA,NA,NA,,Baja el 17-Ene-23. No se ha añadido su primer certificado,NA,
TRK-PR-03,1,NA,NA,NA,NA,NA,NA,,Baja el 09-Feb-23. No se ha añadido su primer certificado,NA,
TRT-LC-01,1,NA,NA,NA,NA,NA,NA,,Baja: 16-Dic-22. No se ha añadido su primer certificado,NA,
TTH-FR-01,1,NA,NA,NA,NA,NA,NA,,No se ha añadido su primer certificado,NA,
VER-CP-01,1,Calibración,2,2,Medio,2,12,2026-03-01,,Externa,"Longitud OD 0.000 in, 0.1000 in, 0.2000 in, 0.3000 in, 0.4000 in, 0.5000 in, 0.6000 in, 0.7000 in, 0.8000 in, 0.9000 in, 1.0000 in, 2.0000 in, 3.0000 in, 4.0000 in, 5.0000 in, 6.0000 in (Tol ±0.0010)
Longitud ID 0.0000 in, 2.0000 in (Tol±0.0010), 
Profundidad 1.0000 in (Tol±0.0010)."
VER-DF-01,1,Calibración,2,2,Medio,2,12,2025-12-01,,Externa,"Dimensión interna 0.1000 in (Tol±0.00058), 0.20000 in (Tol±0.00058), 0.50000 in (Tol±0.00058), 1.00000 in (Tol±0.00058), 2.00000 in (Tol±0.00058), 4.00000 in (Tol±0.00058), 6.0000 in (Tol±0.00065), 8.0000 in (Tol±0.00065)
Profundidad 1.40000 Tol ± 0.00058
Dimensión externa 2.00000 Tol ± 0.00058"
VER-DF-02,1,Calibración,2,2,Medio,2,12,2026-09-01,,Externa,"Dimensión externa: 
0.00 mm,5.00 mm,80.00 mm,150.00 mm Tol ±0.02 mm
Profundidad: 
0.00 mm,5.00 mm, 50.00,150.00 mm Tol ±0.02 mm
Dimensión interna: 
0.00 mm, 5.00 mm, 80.00 mm,150.00 mm Tol ±0.02 mm"
VER-LC-01,1,Calibración,2,2,Medio,2,12,2026-03-01,,Externa,"Longitud OD 0.000 in, 0.1000 in, 0.2000 in, 0.3000 in, 0.4000 in, 0.5000 in, 0.6000 in, 0.7000 in, 0.8000 in, 0.9000 in, 1.0000 in, 2.0000 in, 3.0000 in, 4.0000 in, 5.0000 in, 6.0000 in Tol ± 0.00110 in
Longitud ID 0.0000 in, 2.0000 in Tol ± 0.00110 in
Profundidad 1.0000 in Tol ± 0.00110 in"
VER-MA-01,1,Calibración,2,2,Medio,2,12,2026-05-01,,Externa,"Longitud exterior 3 mm, 4 mm, 5 mm, 6 mm, 7 mm, 8 mm, 10 mm, 12 mm, 14 mm, 16 mm, 18 mm, 20 mm, 22 mm, 120 mm. Longitud interna 3 mm, 4 mm, 5 mm, 6 mm, 7 mm, 8 mm, 10 mm, 12 mm. Tolerancia : ±0.02 mm"
VER-VA-01,1,Calibración,2,2,Medio,2,12,2026-03-01,,Externa,"Longitud exterior 0.10000 in, 0.20000 in, 0.30000 in, 0.40000 in, 0.50000 in, 0.60000 in, 0.70000 in, 0.80000 in, 0.90000 in, 1.00000 in, 2.00000 in, 3.00000 in, 4.00000 in, 5.00000 in, 6.00000 in Tol±0.0001 in
Longitud interna 2.0000 in Tol ± 0.0001 in
Profundidad 2.0000 Tol ± 0.0001 in"
VIS-DA-01,1,Calibración,3,1,Medio,2,12,2026-08-01,,Externa,Puntos a calibrar: Los establecidos por el proveedor Tol ± 5%
VOR-DA-01,1,NA,NA,NA,NA,NA,NA,,No se ha añadido su primer certificado,NA,
